0,131.0,74.0,0.26
1,191.0,97.0,0.28
2,175.0,96.0,0.27
3,188.0,70.0,0.33
4,83.0,45.0,0.27
5,295.0,130.0,0.31
6,31.0,14.0,0.31
7,163.0,32.0,0.41
8,241.0,176.0,0.21
9,257.0,102.0,0.32
10,63.0,33.0,0.27
11,234.0,116.0,0.29
12,128.0,124.0,0.13
13,203.0,115.0,0.26
14,212.0,133.0,0.24
15,116.0,65.0,0.27
16,116.0,59.0,0.28
17,303.0,179.0,0.25
18,244.0,130.0,0.27
19,38.0,16.0,0.31
20,36.0,18.0,0.29
21,272.0,149.0,0.27
22,258.0,177.0,0.22
23,172.0,31.0,0.42
24,219.0,90.0,0.32
25,281.0,184.0,0.23
26,186.0,27.0,0.43
27,205.0,64.0,0.36
28,195.0,89.0,0.3
29,57.0,27.0,0.3
30,40.0,14.0,0.34
31,259.0,78.0,0.36
32,346.0,217.0,0.24
33,238.0,120.0,0.28
34,42.0,25.0,0.25
35,160.0,59.0,0.34
36,29.0,12.0,0.31
37,79.0,66.0,0.18
38,83.0,69.0,0.17
39,74.0,54.0,0.21
40,132.0,40.0,0.36
41,193.0,129.0,0.23
42,24.0,16.0,0.23
43,134.0,55.0,0.32
44,9.0,4.0,0.32
45,14.0,6.0,0.31
46,66.0,27.0,0.32
47,149.0,43.0,0.37
48,65.0,51.0,0.19
49,81.0,29.0,0.34
50,38.0,25.0,0.23
51,121.0,47.0,0.33
52,272.0,121.0,0.31
53,158.0,74.0,0.3
54,212.0,102.0,0.29
55,260.0,153.0,0.25
56,138.0,116.0,0.17
57,189.0,104.0,0.27
58,81.0,56.0,0.22
59,19.0,10.0,0.29
60,25.0,16.0,0.24
61,152.0,92.0,0.25
62,153.0,83.0,0.27
63,177.0,57.0,0.35
64,36.0,17.0,0.3
65,213.0,105.0,0.29
66,219.0,116.0,0.27
67,214.0,99.0,0.3
68,217.0,113.0,0.28
69,53.0,33.0,0.24
70,69.0,33.0,0.29
71,54.0,24.0,0.31
72,40.0,11.0,0.38
73,108.0,56.0,0.28
74,210.0,32.0,0.43
75,198.0,114.0,0.26
76,146.0,72.0,0.29
77,104.0,44.0,0.32
78,267.0,158.0,0.25
79,143.0,74.0,0.28
80,94.0,38.0,0.32
81,35.0,12.0,0.34
82,129.0,71.0,0.27
83,175.0,71.0,0.32
84,36.0,24.0,0.23
85,25.0,7.0,0.37
86,153.0,96.0,0.24
87,77.0,40.0,0.28
88,54.0,21.0,0.33
89,204.0,60.0,0.37
90,68.0,32.0,0.29
91,73.0,30.0,0.32
92,84.0,53.0,0.24
93,192.0,101.0,0.28
94,169.0,92.0,0.27
95,96.0,49.0,0.28
96,164.0,58.0,0.34
97,215.0,81.0,0.33
98,72.0,38.0,0.27
99,221.0,112.0,0.28
100,71.0,34.0,0.29
101,84.0,48.0,0.26
102,94.0,70.0,0.2
103,130.0,86.0,0.23
104,88.0,28.0,0.36
105,77.0,34.0,0.31
106,79.0,64.0,0.18
107,82.0,63.0,0.2
108,38.0,24.0,0.23
109,34.0,23.0,0.23
110,50.0,23.0,0.3
111,33.0,21.0,0.24
112,50.0,40.0,0.18
113,47.0,34.0,0.21
114,163.0,45.0,0.37
115,132.0,94.0,0.21
116,157.0,76.0,0.29
117,89.0,41.0,0.3
118,68.0,33.0,0.29
119,176.0,59.0,0.35
120,257.0,157.0,0.25
121,174.0,147.0,0.17
122,215.0,90.0,0.32
123,139.0,78.0,0.26
124,31.0,15.0,0.29
125,221.0,103.0,0.3
126,161.0,25.0,0.43
127,98.0,64.0,0.23
128,38.0,25.0,0.24
129,48.0,34.0,0.21
130,114.0,53.0,0.3
131,58.0,45.0,0.19
132,40.0,23.0,0.26
133,83.0,39.0,0.3
134,98.0,70.0,0.21
135,320.0,215.0,0.23
136,101.0,54.0,0.27
137,90.0,47.0,0.28
138,103.0,36.0,0.34
139,94.0,35.0,0.33
140,81.0,31.0,0.33
141,324.0,215.0,0.23
142,114.0,23.0,0.41
143,93.0,63.0,0.22
144,203.0,93.0,0.3
145,188.0,98.0,0.28
146,102.0,45.0,0.31
147,134.0,52.0,0.33
148,294.0,162.0,0.27
149,64.0,44.0,0.22
150,141.0,34.0,0.39
151,123.0,41.0,0.35
152,184.0,94.0,0.28
153,185.0,98.0,0.27
154,129.0,63.0,0.29
155,184.0,74.0,0.32
156,153.0,74.0,0.29
157,255.0,139.0,0.27
158,167.0,103.0,0.24
159,112.0,67.0,0.25
160,31.0,14.0,0.31
161,37.0,17.0,0.3
162,203.0,99.0,0.29
163,86.0,25.0,0.37
164,136.0,62.0,0.3
165,89.0,48.0,0.27
166,40.0,28.0,0.22
167,151.0,59.0,0.33
168,123.0,39.0,0.36
169,134.0,43.0,0.36
170,68.0,42.0,0.24
171,101.0,60.0,0.25
172,105.0,48.0,0.3
173,67.0,35.0,0.28
174,122.0,56.0,0.3
175,302.0,200.0,0.23
176,148.0,46.0,0.36
177,83.0,67.0,0.18
178,330.0,152.0,0.3
179,171.0,112.0,0.23
180,30.0,16.0,0.28
181,132.0,51.0,0.33
182,175.0,147.0,0.17
183,181.0,154.0,0.17
184,184.0,142.0,0.19
185,106.0,52.0,0.29
186,41.0,26.0,0.24
187,288.0,108.0,0.33
188,59.0,35.0,0.25
189,176.0,67.0,0.33
190,70.0,44.0,0.24
191,92.0,57.0,0.24
192,60.0,35.0,0.26
193,50.0,15.0,0.36
194,55.0,30.0,0.27
195,76.0,63.0,0.18
196,108.0,68.0,0.24
197,82.0,32.0,0.33
198,106.0,47.0,0.31
199,64.0,27.0,0.31
200,99.0,24.0,0.39
201,58.0,23.0,0.33
202,124.0,30.0,0.39
203,103.0,37.0,0.34
204,86.0,33.0,0.33
205,118.0,52.0,0.31
206,55.0,25.0,0.3
207,163.0,162.0,0.13
208,165.0,78.0,0.3
209,242.0,173.0,0.21
210,207.0,100.0,0.29
211,108.0,104.0,0.14
212,187.0,117.0,0.24
213,126.0,75.0,0.25
214,215.0,87.0,0.32
215,122.0,59.0,0.29
216,160.0,138.0,0.17
217,218.0,170.0,0.19
218,126.0,111.0,0.16
219,35.0,19.0,0.27
220,38.0,16.0,0.31
221,30.0,11.0,0.33
222,166.0,75.0,0.3
223,43.0,26.0,0.25
224,115.0,51.0,0.31
225,37.0,13.0,0.34
226,300.0,142.0,0.3
227,73.0,28.0,0.33
228,43.0,20.0,0.3
229,77.0,28.0,0.34
230,126.0,45.0,0.34
231,142.0,92.0,0.23
232,14.0,7.0,0.29
233,188.0,132.0,0.21
234,189.0,113.0,0.25
235,299.0,136.0,0.3
236,134.0,82.0,0.25
237,200.0,84.0,0.32
238,85.0,56.0,0.23
239,147.0,115.0,0.19
240,78.0,37.0,0.29
241,63.0,30.0,0.3
242,128.0,44.0,0.35
243,70.0,51.0,0.21
244,105.0,68.0,0.23
245,102.0,71.0,0.22
246,217.0,68.0,0.36
247,260.0,133.0,0.28
248,123.0,63.0,0.28
249,217.0,79.0,0.34
250,76.0,42.0,0.26
251,80.0,47.0,0.26
252,74.0,52.0,0.22
253,232.0,147.0,0.24
254,117.0,64.0,0.27
255,95.0,59.0,0.24
256,192.0,53.0,0.37
257,253.0,253.0,0.13
258,229.0,117.0,0.28
259,179.0,85.0,0.3
260,137.0,55.0,0.32
261,233.0,106.0,0.3
262,192.0,76.0,0.33
263,41.0,12.0,0.36
264,43.0,22.0,0.28
265,83.0,27.0,0.36
266,76.0,29.0,0.33
267,310.0,174.0,0.26
268,337.0,188.0,0.27
269,110.0,76.0,0.22
270,37.0,11.0,0.36
271,38.0,20.0,0.28
272,43.0,23.0,0.27
273,174.0,93.0,0.27
274,88.0,40.0,0.3
275,230.0,89.0,0.33
276,223.0,91.0,0.32
277,135.0,55.0,0.32
278,209.0,89.0,0.31
279,244.0,108.0,0.31
280,271.0,128.0,0.3
281,230.0,129.0,0.26
282,94.0,55.0,0.25
283,110.0,46.0,0.32
284,163.0,76.0,0.3
285,40.0,33.0,0.18
286,210.0,86.0,0.32
287,167.0,71.0,0.31
288,231.0,117.0,0.28
289,209.0,99.0,0.3
290,83.0,29.0,0.34
291,190.0,76.0,0.32
292,91.0,28.0,0.36
293,226.0,75.0,0.35
294,45.0,30.0,0.23
295,202.0,103.0,0.28
296,178.0,76.0,0.31
297,75.0,40.0,0.27
298,81.0,48.0,0.25
299,214.0,76.0,0.34
300,62.0,14.0,0.4
301,255.0,130.0,0.28
302,207.0,72.0,0.34
303,113.0,65.0,0.26
304,204.0,123.0,0.25
305,159.0,68.0,0.31
306,124.0,32.0,0.38
307,102.0,35.0,0.35
308,16.0,8.0,0.29
309,81.0,43.0,0.28
310,48.0,21.0,0.31
311,20.0,7.0,0.35
312,102.0,73.0,0.21
313,38.0,21.0,0.27
314,214.0,187.0,0.16
315,24.0,14.0,0.26
316,115.0,58.0,0.28
317,80.0,53.0,0.23
318,27.0,13.0,0.3
319,48.0,27.0,0.26
320,149.0,104.0,0.22
321,72.0,32.0,0.31
322,128.0,38.0,0.36
323,217.0,92.0,0.32
324,88.0,40.0,0.31
325,108.0,81.0,0.2
326,113.0,49.0,0.31
327,92.0,38.0,0.32
328,251.0,157.0,0.24
329,122.0,58.0,0.3
330,88.0,39.0,0.31
331,136.0,49.0,0.34
332,56.0,32.0,0.26
333,196.0,58.0,0.36
334,58.0,28.0,0.3
335,185.0,166.0,0.15
336,137.0,48.0,0.34
337,77.0,38.0,0.29
338,60.0,23.0,0.33
339,66.0,32.0,0.29
340,61.0,16.0,0.38
341,54.0,39.0,0.21
342,18.0,13.0,0.21
343,60.0,46.0,0.2
344,120.0,34.0,0.37
345,102.0,26.0,0.38
346,126.0,47.0,0.33
347,307.0,214.0,0.22
348,159.0,52.0,0.35
349,97.0,22.0,0.39
350,175.0,140.0,0.18
351,237.0,113.0,0.29
352,246.0,114.0,0.3
353,251.0,66.0,0.38
354,67.0,30.0,0.3
355,70.0,36.0,0.28
356,184.0,106.0,0.26
357,46.0,39.0,0.17
358,35.0,24.0,0.22
359,9.0,6.0,0.23
360,138.0,120.0,0.16
361,184.0,54.0,0.37
362,196.0,156.0,0.18
363,24.0,10.0,0.32
364,66.0,26.0,0.32
365,59.0,21.0,0.34
366,57.0,17.0,0.37
367,266.0,85.0,0.36
368,228.0,81.0,0.34
369,52.0,19.0,0.34
370,50.0,18.0,0.34
371,99.0,60.0,0.25
372,88.0,23.0,0.38
373,11.0,7.0,0.23
374,48.0,39.0,0.18
375,36.0,26.0,0.22
376,149.0,68.0,0.3
377,95.0,52.0,0.27
378,233.0,96.0,0.32
379,119.0,94.0,0.19
380,72.0,32.0,0.31
381,89.0,32.0,0.34
382,36.0,21.0,0.25
383,37.0,13.0,0.34
384,139.0,108.0,0.19
385,140.0,51.0,0.34
386,79.0,46.0,0.26
387,196.0,82.0,0.32
388,56.0,41.0,0.21
389,47.0,37.0,0.19
390,55.0,7.0,0.44
391,129.0,31.0,0.39
392,148.0,118.0,0.18
393,37.0,21.0,0.26
394,230.0,151.0,0.23
395,243.0,111.0,0.3
396,266.0,134.0,0.28
397,247.0,49.0,0.41
398,108.0,47.0,0.31
399,245.0,74.0,0.36
400,25.0,12.0,0.29
401,64.0,23.0,0.34
402,144.0,39.0,0.38
403,117.0,15.0,0.44
404,127.0,143.0,0.09
405,151.0,119.0,0.19
406,120.0,88.0,0.21
407,233.0,75.0,0.36
408,26.0,15.0,0.26
409,124.0,78.0,0.24
410,117.0,30.0,0.38
411,116.0,32.0,0.37
412,243.0,88.0,0.34
413,65.0,40.0,0.25
414,70.0,20.0,0.37
415,113.0,70.0,0.24
416,51.0,17.0,0.35
417,8.0,3.0,0.31
418,250.0,100.0,0.32
419,96.0,35.0,0.34
420,264.0,96.0,0.34
421,47.0,18.0,0.33
422,24.0,9.0,0.34
423,190.0,79.0,0.32
424,130.0,39.0,0.36
425,252.0,127.0,0.28
426,108.0,77.0,0.21
427,112.0,26.0,0.39
428,106.0,51.0,0.29
429,137.0,30.0,0.4
430,113.0,56.0,0.29
431,100.0,41.0,0.32
432,131.0,46.0,0.34
433,284.0,115.0,0.32
434,35.0,13.0,0.33
435,126.0,87.0,0.22
436,307.0,182.0,0.25
437,206.0,92.0,0.31
438,133.0,46.0,0.35
439,49.0,22.0,0.3
440,274.0,123.0,0.31
441,27.0,11.0,0.32
442,307.0,204.0,0.23
443,204.0,87.0,0.31
444,42.0,23.0,0.27
445,262.0,124.0,0.3
446,41.0,20.0,0.29
447,62.0,19.0,0.36
448,98.0,61.0,0.24
449,115.0,29.0,0.39
450,125.0,62.0,0.29
451,131.0,62.0,0.3
452,114.0,63.0,0.27
453,93.0,22.0,0.39
454,113.0,58.0,0.28
455,119.0,59.0,0.29
456,203.0,67.0,0.35
457,137.0,112.0,0.18
458,182.0,74.0,0.32
459,58.0,36.0,0.24
460,55.0,19.0,0.34
461,33.0,12.0,0.33
462,80.0,51.0,0.23
463,158.0,103.0,0.23
464,211.0,91.0,0.31
465,46.0,20.0,0.31
466,57.0,44.0,0.2
467,105.0,51.0,0.29
468,92.0,26.0,0.37
469,39.0,21.0,0.27
470,94.0,34.0,0.34
471,165.0,104.0,0.24
472,167.0,93.0,0.26
473,93.0,19.0,0.4
474,177.0,123.0,0.22
475,106.0,37.0,0.34
476,36.0,32.0,0.16
477,49.0,37.0,0.19
478,74.0,52.0,0.22
479,198.0,91.0,0.3
480,111.0,53.0,0.29
481,117.0,50.0,0.31
482,76.0,54.0,0.21
483,142.0,62.0,0.31
484,85.0,57.0,0.22
485,60.0,22.0,0.34
486,92.0,43.0,0.3
487,17.0,10.0,0.27
488,76.0,52.0,0.22
489,84.0,55.0,0.23
490,73.0,40.0,0.27
491,113.0,58.0,0.28
492,164.0,22.0,0.44
493,48.0,15.0,0.36
494,44.0,34.0,0.19
495,44.0,37.0,0.18
496,56.0,32.0,0.26
497,47.0,35.0,0.2
498,41.0,25.0,0.25
499,34.0,20.0,0.25
500,241.0,120.0,0.29
501,165.0,72.0,0.31
502,61.0,32.0,0.28
503,196.0,61.0,0.36
504,159.0,34.0,0.4
505,205.0,60.0,0.37
506,48.0,28.0,0.25
507,35.0,19.0,0.27
508,313.0,204.0,0.23
509,83.0,24.0,0.37
510,68.0,38.0,0.27
511,36.0,16.0,0.3
512,88.0,40.0,0.3
513,101.0,61.0,0.25
514,166.0,66.0,0.32
515,162.0,37.0,0.39
516,70.0,33.0,0.29
517,227.0,207.0,0.15
518,210.0,93.0,0.31
519,190.0,97.0,0.28
520,118.0,50.0,0.31
521,134.0,33.0,0.39
522,14.0,4.0,0.36
523,81.0,48.0,0.25
524,247.0,142.0,0.26
525,84.0,28.0,0.35
526,151.0,96.0,0.24
527,173.0,72.0,0.32
528,122.0,69.0,0.26
529,259.0,105.0,0.32
530,294.0,185.0,0.24
531,106.0,54.0,0.28
532,78.0,24.0,0.36
533,53.0,45.0,0.17
534,113.0,71.0,0.24
535,194.0,123.0,0.24
536,64.0,25.0,0.33
537,70.0,43.0,0.25
538,172.0,44.0,0.38
539,138.0,58.0,0.32
540,43.0,15.0,0.35
541,170.0,114.0,0.23
542,159.0,10.0,0.47
543,11.0,6.0,0.26
544,23.0,23.0,0.13
545,59.0,19.0,0.35
546,44.0,23.0,0.28
547,51.0,11.0,0.4
548,22.0,10.0,0.3
549,22.0,10.0,0.3
550,20.0,9.0,0.31
551,252.0,76.0,0.36
552,83.0,56.0,0.22
553,31.0,27.0,0.16
554,95.0,62.0,0.23
555,36.0,25.0,0.22
556,104.0,31.0,0.36
557,72.0,46.0,0.23
558,49.0,6.0,0.44
559,223.0,94.0,0.32
560,102.0,59.0,0.26
561,259.0,111.0,0.31
562,132.0,56.0,0.32
563,90.0,17.0,0.41
564,93.0,48.0,0.28
565,92.0,43.0,0.3
566,17.0,8.0,0.29
567,52.0,18.0,0.35
568,42.0,17.0,0.33
569,81.0,25.0,0.36
570,42.0,21.0,0.29
571,121.0,48.0,0.32
572,164.0,45.0,0.38
573,120.0,25.0,0.4
574,171.0,51.0,0.36
575,203.0,96.0,0.3
576,50.0,35.0,0.22
577,62.0,47.0,0.2
578,123.0,45.0,0.34
579,199.0,75.0,0.33
580,163.0,122.0,0.2
581,210.0,141.0,0.22
582,150.0,94.0,0.24
583,35.0,15.0,0.31
584,204.0,81.0,0.32
585,34.0,16.0,0.3
586,211.0,77.0,0.34
587,223.0,104.0,0.3
588,63.0,35.0,0.27
589,338.0,238.0,0.21
590,179.0,30.0,0.42
591,144.0,35.0,0.39
592,101.0,55.0,0.27
593,238.0,226.0,0.14
594,270.0,132.0,0.29
595,141.0,150.0,0.11
596,101.0,51.0,0.28
597,31.0,18.0,0.25
598,161.0,162.0,0.12
599,99.0,60.0,0.25
600,26.0,13.0,0.29
601,25.0,12.0,0.29
602,108.0,69.0,0.24
603,221.0,83.0,0.33
604,162.0,72.0,0.31
605,83.0,61.0,0.2
606,127.0,16.0,0.44
607,286.0,241.0,0.17
608,109.0,50.0,0.3
609,120.0,86.0,0.21
610,41.0,25.0,0.25
611,199.0,62.0,0.36
612,129.0,39.0,0.36
613,17.0,11.0,0.23
614,100.0,67.0,0.23
615,125.0,95.0,0.2
616,110.0,55.0,0.29
617,150.0,125.0,0.17
618,127.0,80.0,0.24
619,104.0,49.0,0.3
620,126.0,71.0,0.26
621,37.0,18.0,0.29
622,55.0,30.0,0.27
623,112.0,76.0,0.22
624,93.0,56.0,0.25
625,115.0,52.0,0.31
626,204.0,89.0,0.31
627,85.0,47.0,0.27
628,294.0,150.0,0.28
629,178.0,79.0,0.31
630,57.0,30.0,0.28
631,47.0,38.0,0.18
632,43.0,33.0,0.19
633,40.0,31.0,0.19
634,152.0,96.0,0.24
635,235.0,103.0,0.31
636,135.0,27.0,0.41
637,112.0,66.0,0.25
638,60.0,38.0,0.24
639,50.0,37.0,0.21
640,31.0,21.0,0.22
641,201.0,231.0,0.08
642,110.0,46.0,0.32
643,21.0,13.0,0.23
644,308.0,175.0,0.26
645,53.0,15.0,0.37
646,86.0,42.0,0.29
647,217.0,105.0,0.29
648,198.0,75.0,0.33
649,52.0,19.0,0.33
650,195.0,113.0,0.26
651,117.0,79.0,0.22
652,211.0,110.0,0.28
653,197.0,72.0,0.34
654,126.0,144.0,0.09
655,177.0,44.0,0.39
656,139.0,49.0,0.34
657,221.0,95.0,0.31
658,114.0,49.0,0.31
659,141.0,88.0,0.24
660,133.0,71.0,0.27
661,133.0,65.0,0.29
662,148.0,80.0,0.27
663,53.0,34.0,0.24
664,211.0,200.0,0.14
665,264.0,65.0,0.39
666,173.0,53.0,0.36
667,175.0,64.0,0.34
668,276.0,104.0,0.33
669,218.0,189.0,0.16
670,27.0,13.0,0.29
671,47.0,21.0,0.3
672,99.0,61.0,0.24
673,190.0,60.0,0.36
674,102.0,82.0,0.18
675,104.0,58.0,0.27
676,127.0,49.0,0.33
677,175.0,103.0,0.25
678,187.0,85.0,0.3
679,165.0,93.0,0.26
680,24.0,15.0,0.24
681,157.0,83.0,0.27
682,131.0,105.0,0.18
683,48.0,37.0,0.2
684,26.0,11.0,0.31
685,96.0,79.0,0.18
686,128.0,58.0,0.3
687,79.0,45.0,0.26
688,106.0,74.0,0.22
689,180.0,40.0,0.4
690,83.0,60.0,0.21
691,89.0,45.0,0.28
692,239.0,97.0,0.32
693,108.0,45.0,0.32
694,89.0,62.0,0.22
695,163.0,26.0,0.42
696,167.0,75.0,0.31
697,139.0,55.0,0.33
698,204.0,114.0,0.26
699,112.0,30.0,0.38
700,156.0,50.0,0.36
701,131.0,41.0,0.36
702,205.0,58.0,0.37
703,113.0,70.0,0.24
704,112.0,57.0,0.28
705,85.0,31.0,0.34
706,172.0,72.0,0.32
707,197.0,74.0,0.33
708,64.0,40.0,0.24
709,168.0,72.0,0.31
710,107.0,68.0,0.24
711,95.0,74.0,0.19
712,57.0,39.0,0.22
713,58.0,33.0,0.26
714,86.0,51.0,0.25
715,148.0,59.0,0.32
716,27.0,16.0,0.26
717,199.0,150.0,0.2
718,100.0,31.0,0.36
719,118.0,65.0,0.27
720,63.0,37.0,0.25
721,16.0,9.0,0.26
722,60.0,28.0,0.3
723,92.0,22.0,0.39
724,262.0,75.0,0.37
725,143.0,25.0,0.42
726,120.0,62.0,0.28
727,110.0,42.0,0.33
728,206.0,85.0,0.32
729,195.0,121.0,0.24
730,194.0,67.0,0.35
731,60.0,20.0,0.35
732,213.0,101.0,0.3
733,181.0,127.0,0.21
734,141.0,57.0,0.32
735,45.0,24.0,0.27
736,104.0,67.0,0.23
737,61.0,39.0,0.24
738,205.0,71.0,0.34
739,149.0,76.0,0.28
740,57.0,28.0,0.29
741,15.0,12.0,0.19
742,125.0,29.0,0.39
743,81.0,51.0,0.24
744,56.0,19.0,0.35
745,104.0,29.0,0.37
746,72.0,51.0,0.21
747,72.0,20.0,0.38
748,57.0,30.0,0.28
749,138.0,61.0,0.31
750,81.0,37.0,0.3
751,56.0,15.0,0.38
752,21.0,10.0,0.3
753,184.0,74.0,0.32
754,110.0,63.0,0.26
755,139.0,71.0,0.28
756,65.0,36.0,0.27
757,131.0,77.0,0.26
758,243.0,120.0,0.29
759,207.0,96.0,0.3
760,141.0,36.0,0.38
761,226.0,82.0,0.34
762,29.0,15.0,0.28
763,119.0,56.0,0.3
764,119.0,72.0,0.25
765,115.0,61.0,0.27
766,92.0,35.0,0.33
767,242.0,92.0,0.33
768,69.0,28.0,0.32
769,214.0,186.0,0.16
770,191.0,78.0,0.32
771,299.0,119.0,0.32
772,127.0,105.0,0.18
773,161.0,82.0,0.28
774,219.0,114.0,0.28
775,133.0,23.0,0.42
776,25.0,10.0,0.32
777,215.0,81.0,0.33
778,147.0,80.0,0.27
779,149.0,42.0,0.37
780,184.0,77.0,0.32
781,70.0,28.0,0.33
782,221.0,101.0,0.3
783,59.0,21.0,0.34
784,195.0,44.0,0.4
785,98.0,35.0,0.34
786,177.0,82.0,0.3
787,127.0,47.0,0.33
788,199.0,101.0,0.28
789,103.0,67.0,0.23
790,59.0,86.0,0.01
791,92.0,29.0,0.36
792,225.0,91.0,0.32
793,99.0,44.0,0.31
794,91.0,38.0,0.32
795,40.0,28.0,0.22
796,106.0,66.0,0.24
797,179.0,76.0,0.31
798,76.0,36.0,0.3
799,229.0,116.0,0.28
800,136.0,70.0,0.28
801,204.0,99.0,0.29
802,311.0,200.0,0.24
803,142.0,54.0,0.33
804,153.0,36.0,0.39
805,136.0,53.0,0.33
806,385.0,279.0,0.21
807,182.0,89.0,0.29
808,90.0,51.0,0.26
809,86.0,29.0,0.35
810,131.0,42.0,0.36
811,131.0,72.0,0.27
812,112.0,79.0,0.22
813,22.0,15.0,0.22
814,204.0,69.0,0.35
815,91.0,48.0,0.28
816,147.0,57.0,0.33
817,51.0,35.0,0.22
818,116.0,75.0,0.24
819,133.0,69.0,0.28
820,127.0,37.0,0.37
821,18.0,12.0,0.21
822,159.0,64.0,0.32
823,79.0,31.0,0.33
824,233.0,119.0,0.28
825,174.0,93.0,0.27
826,109.0,42.0,0.33
827,111.0,63.0,0.26
828,130.0,33.0,0.38
829,125.0,47.0,0.33
830,85.0,24.0,0.37
831,73.0,55.0,0.2
832,125.0,68.0,0.27
833,227.0,145.0,0.24
834,63.0,29.0,0.3
835,179.0,107.0,0.25
836,197.0,79.0,0.32
837,88.0,38.0,0.31
838,179.0,53.0,0.37
839,179.0,59.0,0.35
840,63.0,33.0,0.28
841,131.0,41.0,0.36
842,84.0,42.0,0.29
843,83.0,24.0,0.37
844,148.0,30.0,0.41
845,131.0,51.0,0.33
846,124.0,36.0,0.37
847,143.0,73.0,0.28
848,109.0,47.0,0.31
849,176.0,64.0,0.34
850,114.0,73.0,0.24
851,223.0,91.0,0.32
852,103.0,67.0,0.23
853,191.0,77.0,0.32
854,42.0,25.0,0.25
855,120.0,62.0,0.28
856,22.0,13.0,0.25
857,114.0,72.0,0.24
858,145.0,62.0,0.31
859,148.0,81.0,0.27
860,118.0,41.0,0.34
861,228.0,125.0,0.27
862,114.0,50.0,0.31
863,203.0,113.0,0.27
864,127.0,55.0,0.31
865,153.0,42.0,0.37
866,127.0,72.0,0.26
867,141.0,54.0,0.33
868,175.0,71.0,0.32
869,140.0,52.0,0.34
870,197.0,101.0,0.28
871,157.0,78.0,0.29
872,210.0,61.0,0.37
873,115.0,70.0,0.25
874,125.0,84.0,0.23
875,220.0,79.0,0.34
876,97.0,69.0,0.21
877,63.0,39.0,0.24
878,40.0,24.0,0.25
879,124.0,62.0,0.29
880,122.0,87.0,0.21
881,101.0,34.0,0.35
882,69.0,26.0,0.33
883,20.0,12.0,0.25
884,161.0,86.0,0.27
885,114.0,54.0,0.29
886,77.0,63.0,0.18
887,133.0,62.0,0.3
888,202.0,82.0,0.32
889,158.0,97.0,0.25
890,127.0,43.0,0.35
891,127.0,40.0,0.36
892,174.0,54.0,0.36
893,215.0,133.0,0.24
894,88.0,42.0,0.29
895,132.0,57.0,0.31
896,35.0,29.0,0.17
897,251.0,242.0,0.13
898,140.0,86.0,0.25
899,70.0,31.0,0.31
900,93.0,24.0,0.38
901,181.0,106.0,0.26
902,48.0,31.0,0.24
903,78.0,35.0,0.31
904,103.0,52.0,0.28
905,48.0,24.0,0.29
906,160.0,43.0,0.38
907,64.0,24.0,0.34
908,70.0,28.0,0.32
909,119.0,82.0,0.22
910,144.0,60.0,0.32
911,35.0,19.0,0.27
912,180.0,154.0,0.17
913,155.0,55.0,0.34
914,80.0,51.0,0.24
915,237.0,122.0,0.28
916,177.0,33.0,0.41
917,5.0,3.0,0.27
918,134.0,110.0,0.18
919,111.0,60.0,0.27
920,64.0,48.0,0.2
921,164.0,66.0,0.32
922,31.0,16.0,0.28
923,280.0,157.0,0.26
924,212.0,114.0,0.27
925,133.0,60.0,0.3
926,175.0,111.0,0.24
927,101.0,55.0,0.27
928,242.0,121.0,0.29
929,202.0,98.0,0.29
930,162.0,86.0,0.27
931,180.0,116.0,0.24
932,28.0,13.0,0.3
933,74.0,49.0,0.23
934,204.0,99.0,0.29
935,199.0,107.0,0.27
936,131.0,120.0,0.15
937,148.0,77.0,0.28
938,150.0,69.0,0.3
939,153.0,56.0,0.34
940,44.0,20.0,0.31
941,159.0,103.0,0.23
942,89.0,27.0,0.36
943,101.0,34.0,0.35
944,49.0,25.0,0.28
945,137.0,125.0,0.15
946,127.0,96.0,0.2
947,320.0,175.0,0.27
948,145.0,92.0,0.24
949,131.0,91.0,0.22
950,197.0,73.0,0.33
951,228.0,100.0,0.31
952,119.0,46.0,0.33
953,334.0,167.0,0.29
954,177.0,68.0,0.33
955,59.0,31.0,0.28
956,80.0,49.0,0.24
957,105.0,55.0,0.28
958,166.0,38.0,0.39
959,183.0,76.0,0.32
960,135.0,87.0,0.24
961,220.0,73.0,0.35
962,198.0,113.0,0.26
963,140.0,44.0,0.36
964,138.0,36.0,0.38
965,235.0,118.0,0.29
966,32.0,19.0,0.26
967,107.0,49.0,0.3
968,135.0,58.0,0.31
969,37.0,13.0,0.35
970,10.0,7.0,0.23
971,192.0,59.0,0.36
972,148.0,74.0,0.29
973,205.0,64.0,0.36
974,174.0,82.0,0.3
975,127.0,72.0,0.26
976,56.0,21.0,0.33
977,207.0,102.0,0.29
978,74.0,26.0,0.34
979,180.0,58.0,0.36
980,112.0,62.0,0.27
981,105.0,47.0,0.31
982,69.0,36.0,0.28
983,162.0,61.0,0.33
984,40.0,8.0,0.41
985,213.0,75.0,0.34
986,162.0,88.0,0.27
987,66.0,18.0,0.38
988,140.0,61.0,0.31
989,135.0,57.0,0.31
990,161.0,44.0,0.37
991,244.0,117.0,0.29
992,56.0,39.0,0.22
993,118.0,72.0,0.25
994,59.0,29.0,0.29
995,109.0,55.0,0.29
996,206.0,76.0,0.34
997,97.0,51.0,0.28
998,54.0,30.0,0.27
999,124.0,73.0,0.25
1000,87.0,59.0,0.22
1001,35.0,20.0,0.26
1002,116.0,45.0,0.33
1003,164.0,78.0,0.3
1004,183.0,124.0,0.22
1005,114.0,64.0,0.26
1006,130.0,62.0,0.3
1007,291.0,141.0,0.29
1008,19.0,12.0,0.25
1009,83.0,44.0,0.27
1010,121.0,66.0,0.27
1011,15.0,9.0,0.25
1012,172.0,46.0,0.38
1013,110.0,36.0,0.35
1014,24.0,15.0,0.24
1015,168.0,78.0,0.3
1016,107.0,49.0,0.3
1017,132.0,45.0,0.35
1018,303.0,152.0,0.29
1019,209.0,115.0,0.27
1020,106.0,55.0,0.28
1021,68.0,44.0,0.23
1022,259.0,137.0,0.28
1023,129.0,53.0,0.32
1024,21.0,10.0,0.29
1025,202.0,119.0,0.25
1026,94.0,47.0,0.29
1027,189.0,91.0,0.29
1028,95.0,25.0,0.38
1029,77.0,38.0,0.29
1030,194.0,139.0,0.21
1031,116.0,77.0,0.23
1032,121.0,37.0,0.36
1033,218.0,98.0,0.3
1034,160.0,65.0,0.32
1035,320.0,169.0,0.28
1036,148.0,66.0,0.31
1037,165.0,86.0,0.28
1038,128.0,57.0,0.31
1039,32.0,20.0,0.24
1040,201.0,58.0,0.37
1041,154.0,103.0,0.23
1042,64.0,43.0,0.23
1043,126.0,41.0,0.35
1044,124.0,74.0,0.25
1045,175.0,84.0,0.29
1046,199.0,76.0,0.33
1047,76.0,58.0,0.19
1048,158.0,112.0,0.21
1049,67.0,28.0,0.32
1050,143.0,28.0,0.41
1051,97.0,76.0,0.19
1052,145.0,95.0,0.23
1053,130.0,52.0,0.32
1054,236.0,180.0,0.2
1055,169.0,68.0,0.32
1056,139.0,94.0,0.22
1057,131.0,60.0,0.3
1058,113.0,47.0,0.32
1059,120.0,77.0,0.24
1060,53.0,26.0,0.29
1061,160.0,121.0,0.2
1062,180.0,49.0,0.38
1063,68.0,19.0,0.37
1064,194.0,42.0,0.4
1065,84.0,71.0,0.17
1066,111.0,28.0,0.38
1067,173.0,61.0,0.34
1068,80.0,31.0,0.33
1069,244.0,121.0,0.29
1070,89.0,54.0,0.25
1071,154.0,84.0,0.27
1072,276.0,149.0,0.27
1073,52.0,29.0,0.26
1074,56.0,23.0,0.32
1075,68.0,46.0,0.22
1076,58.0,22.0,0.33
1077,181.0,100.0,0.27
1078,208.0,115.0,0.27
1079,259.0,125.0,0.29
1080,72.0,16.0,0.4
1081,102.0,16.0,0.42
1082,130.0,41.0,0.36
1083,264.0,143.0,0.27
1084,177.0,79.0,0.31
1085,163.0,22.0,0.44
1086,305.0,178.0,0.26
1087,169.0,51.0,0.36
1088,19.0,20.0,0.11
1089,209.0,112.0,0.27
1090,21.0,12.0,0.26
1091,92.0,46.0,0.29
1092,183.0,81.0,0.31
1093,108.0,26.0,0.39
1094,143.0,60.0,0.32
1095,196.0,95.0,0.29
1096,197.0,98.0,0.29
1097,238.0,117.0,0.29
1098,350.0,131.0,0.33
1099,168.0,74.0,0.31
1100,175.0,70.0,0.32
1101,68.0,40.0,0.25
1102,244.0,89.0,0.34
1103,238.0,143.0,0.25
1104,46.0,29.0,0.24
1105,54.0,40.0,0.2
1106,50.0,24.0,0.29
1107,148.0,72.0,0.29
1108,279.0,142.0,0.28
1109,168.0,79.0,0.3
1110,28.0,14.0,0.28
1111,68.0,31.0,0.3
1112,70.0,39.0,0.26
1113,38.0,32.0,0.17
1114,46.0,22.0,0.29
1115,174.0,71.0,0.32
1116,140.0,59.0,0.32
1117,162.0,77.0,0.3
1118,36.0,21.0,0.26
1119,89.0,45.0,0.28
1120,113.0,54.0,0.29
1121,69.0,48.0,0.22
1122,219.0,134.0,0.25
1123,153.0,104.0,0.22
1124,212.0,93.0,0.31
1125,26.0,8.0,0.37
1126,47.0,27.0,0.26
1127,80.0,20.0,0.38
1128,111.0,46.0,0.32
1129,128.0,36.0,0.37
1130,102.0,60.0,0.25
1131,72.0,45.0,0.24
1132,153.0,16.0,0.45
1133,114.0,22.0,0.41
1134,117.0,31.0,0.38
1135,218.0,94.0,0.31
1136,121.0,59.0,0.29
1137,197.0,80.0,0.32
1138,187.0,92.0,0.29
1139,177.0,102.0,0.26
1140,132.0,53.0,0.32
1141,65.0,22.0,0.35
1142,50.0,32.0,0.23
1143,52.0,18.0,0.35
1144,130.0,92.0,0.21
1145,109.0,50.0,0.3
1146,89.0,49.0,0.27
1147,197.0,91.0,0.3
1148,228.0,79.0,0.35
1149,101.0,40.0,0.32
1150,146.0,83.0,0.26
1151,158.0,146.0,0.15
1152,34.0,15.0,0.3
1153,189.0,104.0,0.27
1154,110.0,71.0,0.23
1155,258.0,122.0,0.3
1156,208.0,108.0,0.28
1157,193.0,111.0,0.26
1158,108.0,41.0,0.33
1159,62.0,25.0,0.32
1160,224.0,93.0,0.32
1161,177.0,107.0,0.25
1162,23.0,13.0,0.26
1163,99.0,66.0,0.23
1164,24.0,17.0,0.21
1165,140.0,72.0,0.28
1166,45.0,34.0,0.2
1167,201.0,88.0,0.31
1168,46.0,20.0,0.31
1169,110.0,38.0,0.34
1170,75.0,39.0,0.28
1171,166.0,70.0,0.31
1172,191.0,99.0,0.28
1173,31.0,29.0,0.15
1174,132.0,72.0,0.27
1175,180.0,96.0,0.27
1176,213.0,125.0,0.25
1177,219.0,101.0,0.3
1178,125.0,64.0,0.28
1179,119.0,59.0,0.29
1180,149.0,53.0,0.34
1181,145.0,73.0,0.28
1182,155.0,85.0,0.27
1183,89.0,22.0,0.39
1184,62.0,32.0,0.28
1185,164.0,73.0,0.31
1186,151.0,88.0,0.26
1187,52.0,34.0,0.23
1188,191.0,194.0,0.12
1189,147.0,84.0,0.26
1190,167.0,88.0,0.28
1191,195.0,63.0,0.35
1192,154.0,69.0,0.3
1193,47.0,22.0,0.29
1194,168.0,38.0,0.4
1195,142.0,47.0,0.35
1196,145.0,58.0,0.32
1197,146.0,135.0,0.15
1198,201.0,92.0,0.3
1199,27.0,17.0,0.24
1200,91.0,42.0,0.3
1201,145.0,98.0,0.22
1202,220.0,100.0,0.3
1203,245.0,88.0,0.34
1204,199.0,75.0,0.33
1205,179.0,99.0,0.27
1206,128.0,33.0,0.38
1207,163.0,57.0,0.34
1208,95.0,30.0,0.36
1209,80.0,54.0,0.22
1210,80.0,32.0,0.33
1211,59.0,25.0,0.31
1212,195.0,81.0,0.32
1213,29.0,16.0,0.26
1214,220.0,112.0,0.28
1215,80.0,56.0,0.22
1216,335.0,193.0,0.26
1217,171.0,78.0,0.3
1218,150.0,62.0,0.32
1219,237.0,119.0,0.28
1220,84.0,20.0,0.39
1221,230.0,98.0,0.31
1222,57.0,13.0,0.4
1223,65.0,26.0,0.32
1224,131.0,44.0,0.35
1225,34.0,27.0,0.19
1226,23.0,14.0,0.24
1227,82.0,23.0,0.37
1228,15.0,8.0,0.28
1229,14.0,6.0,0.3
1230,184.0,90.0,0.29
1231,13.0,6.0,0.28
1232,28.0,9.0,0.36
1233,21.0,10.0,0.3
1234,7.0,5.0,0.21
1235,25.0,6.0,0.39
1236,36.0,15.0,0.32
1237,10.0,6.0,0.26
1238,21.0,13.0,0.24
1239,211.0,113.0,0.27
1240,10.0,5.0,0.29
1241,33.0,13.0,0.32
1242,32.0,21.0,0.23
1243,7.0,5.0,0.21
1244,43.0,12.0,0.37
1245,48.0,10.0,0.4
1246,27.0,12.0,0.31
1247,32.0,11.0,0.35
1248,43.0,7.0,0.42
1249,20.0,5.0,0.38
1250,12.0,7.0,0.26
1251,151.0,49.0,0.35
1252,13.0,7.0,0.28
1253,20.0,13.0,0.24
1254,25.0,15.0,0.26
1255,17.0,10.0,0.25
1256,21.0,13.0,0.24
1257,198.0,95.0,0.29
1258,96.0,55.0,0.26
1259,15.0,15.0,0.13
1260,115.0,75.0,0.23
1261,31.0,13.0,0.32
1262,21.0,9.0,0.31
1263,350.0,240.0,0.22
1264,19.0,15.0,0.19
1265,58.0,26.0,0.3
1266,43.0,27.0,0.24
1267,8.0,4.0,0.27
1268,12.0,7.0,0.26
1269,103.0,36.0,0.34
1270,243.0,140.0,0.26
1271,40.0,15.0,0.33
1272,29.0,13.0,0.31
1273,219.0,87.0,0.33
1274,16.0,9.0,0.26
1275,21.0,24.0,0.08
1276,12.0,7.0,0.25
1277,34.0,13.0,0.33
1278,19.0,11.0,0.25
1279,7.0,4.0,0.23
1280,80.0,60.0,0.2
1281,29.0,10.0,0.34
1282,142.0,70.0,0.29
1283,40.0,10.0,0.39
1284,22.0,7.0,0.35
1285,21.0,16.0,0.2
1286,15.0,6.0,0.33
1287,54.0,30.0,0.27
1288,16.0,8.0,0.27
1289,15.0,8.0,0.28
1290,33.0,16.0,0.29
1291,11.0,6.0,0.26
1292,156.0,74.0,0.3
1293,166.0,58.0,0.34
1294,49.0,29.0,0.25
1295,8.0,5.0,0.26
1296,41.0,26.0,0.24
1297,10.0,5.0,0.29
1298,119.0,45.0,0.33
1299,11.0,5.0,0.29
1300,56.0,24.0,0.31
1301,12.0,6.0,0.29
1302,46.0,30.0,0.23
1303,119.0,68.0,0.26
1304,51.0,41.0,0.18
1305,111.0,48.0,0.31
1306,200.0,68.0,0.35
1307,101.0,36.0,0.34
1308,37.0,43.0,0.08
1309,14.0,7.0,0.28
1310,14.0,14.0,0.13
1311,50.0,35.0,0.22
1312,48.0,33.0,0.22
1313,47.0,32.0,0.22
1314,37.0,24.0,0.23
1315,30.0,17.0,0.26
1316,40.0,32.0,0.18
1317,35.0,31.0,0.16
1318,13.0,11.0,0.18
1319,177.0,64.0,0.34
1320,79.0,61.0,0.19
1321,155.0,133.0,0.17
1322,242.0,83.0,0.35
1323,33.0,19.0,0.26
1324,89.0,52.0,0.26
1325,23.0,17.0,0.2
1326,65.0,27.0,0.32
1327,172.0,71.0,0.32
1328,56.0,41.0,0.21
1329,62.0,24.0,0.33
1330,14.0,11.0,0.19
1331,108.0,33.0,0.36
1332,97.0,28.0,0.37
1333,59.0,23.0,0.33
1334,178.0,81.0,0.3
1335,222.0,117.0,0.28
1336,97.0,63.0,0.23
1337,130.0,29.0,0.4
1338,174.0,38.0,0.4
1339,107.0,73.0,0.22
1340,30.0,19.0,0.24
1341,13.0,7.0,0.27
1342,180.0,63.0,0.34
1343,249.0,146.0,0.25
1344,72.0,50.0,0.22
1345,147.0,79.0,0.27
1346,104.0,45.0,0.31
1347,53.0,17.0,0.35
1348,199.0,68.0,0.35
1349,87.0,56.0,0.24
1350,138.0,20.0,0.43
1351,175.0,91.0,0.28
1352,175.0,140.0,0.18
1353,244.0,89.0,0.34
1354,58.0,27.0,0.3
1355,211.0,79.0,0.33
1356,117.0,74.0,0.24
1357,76.0,52.0,0.22
1358,113.0,67.0,0.25
1359,293.0,141.0,0.29
1360,137.0,83.0,0.25
1361,231.0,97.0,0.32
1362,60.0,29.0,0.29
1363,37.0,22.0,0.25
1364,142.0,48.0,0.35
1365,235.0,96.0,0.32
1366,61.0,41.0,0.23
1367,250.0,100.0,0.32
1368,122.0,65.0,0.27
1369,254.0,125.0,0.29
1370,133.0,83.0,0.24
1371,208.0,156.0,0.2
1372,17.0,6.0,0.34
1373,90.0,96.0,0.11
1374,128.0,103.0,0.18
1375,120.0,100.0,0.17
1376,103.0,53.0,0.28
1377,117.0,49.0,0.32
1378,196.0,74.0,0.33
1379,26.0,16.0,0.24
1380,169.0,48.0,0.37
1381,49.0,23.0,0.3
1382,140.0,12.0,0.46
1383,264.0,197.0,0.2
1384,143.0,111.0,0.19
1385,190.0,49.0,0.38
1386,152.0,40.0,0.38
1387,60.0,41.0,0.22
1388,129.0,85.0,0.23
1389,225.0,121.0,0.27
1390,207.0,177.0,0.17
1391,107.0,60.0,0.26
1392,38.0,22.0,0.26
1393,105.0,74.0,0.21
1394,99.0,40.0,0.32
1395,39.0,37.0,0.14
1396,107.0,83.0,0.19
1397,94.0,54.0,0.26
1398,49.0,30.0,0.25
1399,313.0,211.0,0.23
1400,132.0,61.0,0.3
1401,137.0,69.0,0.28
1402,42.0,18.0,0.32
1403,105.0,33.0,0.36
1404,325.0,212.0,0.23
1405,138.0,62.0,0.31
1406,373.0,383.0,0.12
1407,33.0,22.0,0.23
1408,209.0,110.0,0.28
1409,175.0,95.0,0.27
1410,35.0,15.0,0.31
1411,123.0,49.0,0.33
1412,207.0,80.0,0.33
1413,10.0,6.0,0.25
1414,165.0,43.0,0.38
1415,32.0,15.0,0.29
1416,162.0,73.0,0.3
1417,168.0,118.0,0.22
1418,155.0,52.0,0.35
1419,104.0,58.0,0.26
1420,115.0,35.0,0.36
1421,45.0,15.0,0.35
1422,129.0,87.0,0.22
1423,65.0,30.0,0.3
1424,71.0,38.0,0.27
1425,80.0,22.0,0.38
1426,63.0,47.0,0.2
1427,315.0,189.0,0.25
1428,241.0,111.0,0.3
1429,9.0,6.0,0.24
1430,89.0,73.0,0.18
1431,132.0,89.0,0.22
1432,138.0,112.0,0.18
1433,22.0,11.0,0.28
1434,93.0,52.0,0.26
1435,270.0,104.0,0.33
1436,10.0,6.0,0.27
1437,25.0,18.0,0.21
1438,73.0,41.0,0.26
1439,36.0,12.0,0.35
1440,100.0,74.0,0.2
1441,141.0,104.0,0.2
1442,41.0,23.0,0.27
1443,20.0,13.0,0.23
1444,98.0,55.0,0.26
1445,77.0,38.0,0.28
1446,73.0,27.0,0.33
1447,79.0,33.0,0.31
1448,21.0,8.0,0.33
1449,136.0,73.0,0.27
1450,124.0,106.0,0.17
1451,105.0,57.0,0.27
1452,184.0,62.0,0.35
1453,35.0,18.0,0.28
1454,41.0,27.0,0.23
1455,239.0,161.0,0.22
1456,110.0,71.0,0.24
1457,196.0,88.0,0.31
1458,41.0,19.0,0.3
1459,115.0,72.0,0.24
1460,47.0,19.0,0.32
1461,16.0,12.0,0.2
1462,10.0,6.0,0.26
1463,113.0,87.0,0.19
1464,5.0,3.0,0.26
1465,195.0,118.0,0.25
1466,149.0,34.0,0.4
1467,15.0,11.0,0.2
1468,4.0,3.0,0.23
1469,53.0,30.0,0.26
1470,138.0,150.0,0.1
1471,88.0,51.0,0.26
1472,114.0,38.0,0.35
1473,11.0,5.0,0.29
1474,9.0,5.0,0.27
1475,215.0,112.0,0.28
1476,9.0,5.0,0.29
1477,11.0,6.0,0.29
1478,17.0,10.0,0.25
1479,12.0,5.0,0.31
1480,24.0,18.0,0.2
1481,196.0,55.0,0.37
1482,44.0,23.0,0.28
1483,170.0,115.0,0.22
1484,34.0,27.0,0.18
1485,233.0,90.0,0.33
1486,221.0,159.0,0.21
1487,109.0,42.0,0.33
1488,197.0,97.0,0.29
1489,12.0,6.0,0.29
1490,126.0,50.0,0.33
1491,98.0,63.0,0.24
1492,16.0,9.0,0.27
1493,9.0,5.0,0.28
1494,11.0,6.0,0.28
1495,24.0,9.0,0.34
1496,13.0,5.0,0.33
1497,158.0,51.0,0.35
1498,109.0,58.0,0.27
1499,148.0,46.0,0.36
1500,17.0,6.0,0.35
1501,266.0,156.0,0.25
1502,162.0,76.0,0.3
1503,4.0,4.0,0.15
1504,95.0,45.0,0.3
1505,28.0,12.0,0.31
1506,179.0,118.0,0.23
1507,124.0,30.0,0.39
1508,98.0,47.0,0.29
1509,125.0,85.0,0.22
1510,200.0,156.0,0.19
1511,183.0,85.0,0.3
1512,13.0,11.0,0.17
1513,24.0,10.0,0.31
1514,138.0,74.0,0.27
1515,156.0,33.0,0.4
1516,88.0,34.0,0.33
1517,191.0,68.0,0.34
1518,236.0,73.0,0.36
1519,90.0,43.0,0.3
1520,105.0,56.0,0.27
1521,119.0,74.0,0.24
1522,12.0,7.0,0.27
1523,21.0,12.0,0.26
1524,74.0,26.0,0.34
1525,144.0,89.0,0.24
1526,58.0,22.0,0.34
1527,224.0,119.0,0.27
1528,248.0,134.0,0.27
1529,46.0,18.0,0.32
1530,172.0,109.0,0.24
1531,124.0,67.0,0.27
1532,8.0,4.0,0.27
1533,154.0,78.0,0.28
1534,152.0,83.0,0.27
1535,166.0,86.0,0.28
1536,123.0,80.0,0.23
1537,114.0,35.0,0.36
1538,194.0,109.0,0.26
1539,35.0,22.0,0.24
1540,32.0,20.0,0.23
1541,192.0,71.0,0.34
1542,110.0,73.0,0.23
1543,156.0,98.0,0.24
1544,86.0,44.0,0.28
1545,10.0,5.0,0.27
1546,7.0,4.0,0.25
1547,5.0,4.0,0.13
1548,15.0,4.0,0.38
1549,90.0,40.0,0.31
1550,70.0,42.0,0.25
1551,15.0,5.0,0.36
1552,86.0,32.0,0.33
1553,21.0,15.0,0.22
1554,115.0,75.0,0.23
1555,181.0,69.0,0.33
1556,230.0,103.0,0.31
1557,61.0,15.0,0.38
1558,66.0,33.0,0.29
1559,80.0,54.0,0.22
1560,25.0,12.0,0.29
1561,196.0,59.0,0.36
1562,14.0,6.0,0.31
1563,149.0,65.0,0.31
1564,18.0,7.0,0.32
1565,39.0,26.0,0.23
1566,163.0,107.0,0.23
1567,145.0,51.0,0.34
1568,8.0,5.0,0.24
1569,138.0,71.0,0.28
1570,29.0,19.0,0.23
1571,96.0,79.0,0.18
1572,61.0,36.0,0.25
1573,120.0,78.0,0.23
1574,111.0,74.0,0.23
1575,167.0,90.0,0.27
1576,105.0,49.0,0.3
1577,10.0,4.0,0.31
1578,8.0,4.0,0.31
1579,79.0,61.0,0.2
1580,51.0,33.0,0.24
1581,48.0,32.0,0.23
1582,46.0,34.0,0.2
1583,97.0,40.0,0.32
1584,49.0,32.0,0.23
1585,78.0,48.0,0.24
1586,205.0,63.0,0.36
1587,92.0,37.0,0.32
1588,21.0,10.0,0.3
1589,45.0,17.0,0.33
1590,148.0,41.0,0.37
1591,26.0,11.0,0.32
1592,32.0,19.0,0.25
1593,134.0,59.0,0.31
1594,53.0,20.0,0.34
1595,58.0,24.0,0.32
1596,111.0,31.0,0.37
1597,127.0,32.0,0.38
1598,126.0,30.0,0.39
1599,18.0,8.0,0.31
1600,27.0,9.0,0.36
1601,67.0,25.0,0.33
1602,183.0,158.0,0.16
1603,140.0,152.0,0.1
1604,152.0,116.0,0.19
1605,57.0,25.0,0.31
1606,40.0,27.0,0.22
1607,89.0,53.0,0.25
1608,77.0,48.0,0.24
1609,84.0,23.0,0.37
1610,50.0,24.0,0.29
1611,33.0,26.0,0.19
1612,166.0,71.0,0.31
1613,32.0,13.0,0.32
1614,22.0,9.0,0.32
1615,28.0,5.0,0.41
1616,40.0,21.0,0.28
1617,45.0,12.0,0.38
1618,155.0,57.0,0.34
1619,61.0,27.0,0.31
1620,194.0,97.0,0.29
1621,91.0,33.0,0.34
1622,32.0,15.0,0.3
1623,89.0,53.0,0.25
1624,55.0,27.0,0.29
1625,202.0,86.0,0.31
1626,87.0,12.0,0.43
1627,138.0,66.0,0.29
1628,252.0,49.0,0.41
1629,119.0,63.0,0.27
1630,123.0,58.0,0.3
1631,52.0,30.0,0.26
1632,143.0,59.0,0.32
1633,146.0,49.0,0.35
1634,177.0,65.0,0.34
1635,132.0,48.0,0.34
1636,33.0,36.0,0.1
1637,137.0,56.0,0.32
1638,42.0,21.0,0.29
1639,147.0,69.0,0.3
1640,121.0,63.0,0.28
1641,118.0,56.0,0.3
1642,114.0,73.0,0.24
1643,100.0,64.0,0.24
1644,112.0,67.0,0.25
1645,97.0,72.0,0.2
1646,111.0,67.0,0.25
1647,45.0,16.0,0.34
1648,64.0,20.0,0.36
1649,64.0,29.0,0.3
1650,59.0,19.0,0.36
1651,69.0,23.0,0.35
1652,58.0,17.0,0.36
1653,77.0,28.0,0.34
1654,334.0,183.0,0.27
1655,129.0,50.0,0.33
1656,136.0,70.0,0.28
1657,28.0,25.0,0.16
1658,31.0,23.0,0.2
1659,30.0,24.0,0.18
1660,182.0,76.0,0.32
1661,71.0,32.0,0.3
1662,36.0,27.0,0.2
1663,67.0,33.0,0.29
1664,268.0,127.0,0.3
1665,217.0,101.0,0.3
1666,141.0,82.0,0.26
1667,165.0,62.0,0.33
1668,234.0,98.0,0.32
1669,68.0,29.0,0.31
1670,104.0,47.0,0.3
1671,88.0,38.0,0.31
1672,127.0,54.0,0.31
1673,80.0,37.0,0.3
1674,119.0,57.0,0.29
1675,205.0,72.0,0.34
1676,214.0,89.0,0.32
1677,157.0,44.0,0.37
1678,169.0,79.0,0.3
1679,102.0,32.0,0.36
1680,137.0,56.0,0.32
1681,243.0,78.0,0.35
1682,262.0,90.0,0.35
1683,202.0,73.0,0.34
1684,242.0,86.0,0.34
1685,213.0,68.0,0.36
1686,228.0,103.0,0.3
1687,283.0,132.0,0.3
1688,144.0,52.0,0.34
1689,179.0,27.0,0.43
1690,115.0,60.0,0.28
1691,103.0,40.0,0.33
1692,106.0,63.0,0.25
1693,125.0,56.0,0.31
1694,71.0,38.0,0.27
1695,79.0,48.0,0.25
1696,79.0,52.0,0.23
1697,81.0,45.0,0.26
1698,182.0,77.0,0.31
1699,106.0,63.0,0.25
1700,100.0,40.0,0.32
1701,104.0,81.0,0.19
1702,42.0,13.0,0.36
1703,88.0,63.0,0.21
1704,103.0,76.0,0.2
1705,151.0,53.0,0.34
1706,44.0,31.0,0.21
1707,90.0,36.0,0.32
1708,46.0,36.0,0.19
1709,30.0,13.0,0.31
1710,196.0,122.0,0.24
1711,185.0,105.0,0.26
1712,47.0,25.0,0.27
1713,267.0,121.0,0.3
1714,72.0,36.0,0.29
1715,109.0,37.0,0.35
1716,113.0,40.0,0.34
1717,62.0,19.0,0.36
1718,40.0,12.0,0.36
1719,69.0,31.0,0.31
1720,65.0,38.0,0.25
1721,181.0,100.0,0.27
1722,106.0,34.0,0.36
1723,18.0,9.0,0.29
1724,112.0,59.0,0.28
1725,80.0,41.0,0.28
1726,117.0,62.0,0.27
1727,104.0,38.0,0.34
1728,153.0,41.0,0.38
1729,175.0,70.0,0.32
1730,164.0,49.0,0.36
1731,147.0,48.0,0.35
1732,136.0,47.0,0.35
1733,141.0,32.0,0.39
1734,163.0,61.0,0.33
1735,156.0,58.0,0.33
1736,118.0,62.0,0.28
1737,47.0,21.0,0.31
1738,50.0,19.0,0.33
1739,70.0,22.0,0.36
1740,53.0,20.0,0.33
1741,67.0,37.0,0.27
1742,23.0,9.0,0.32
1743,178.0,120.0,0.22
1744,81.0,28.0,0.34
1745,33.0,19.0,0.26
1746,243.0,122.0,0.28
1747,63.0,55.0,0.16
1748,134.0,90.0,0.23
1749,139.0,54.0,0.33
1750,57.0,40.0,0.22
1751,59.0,45.0,0.19
1752,101.0,80.0,0.19
1753,132.0,113.0,0.17
1754,15.0,14.0,0.15
1755,150.0,73.0,0.29
1756,19.0,7.0,0.33
1757,227.0,133.0,0.26
1758,153.0,101.0,0.23
1759,157.0,49.0,0.36
1760,122.0,22.0,0.42
1761,48.0,14.0,0.37
1762,225.0,102.0,0.3
1763,308.0,193.0,0.24
1764,175.0,112.0,0.24
1765,78.0,41.0,0.28
1766,4.0,2.0,0.22
1767,166.0,55.0,0.35
1768,153.0,88.0,0.26
1769,162.0,82.0,0.28
1770,203.0,98.0,0.29
1771,140.0,83.0,0.25
1772,157.0,91.0,0.26
1773,117.0,75.0,0.24
1774,64.0,29.0,0.3
1775,31.0,23.0,0.2
1776,15.0,11.0,0.21
1777,93.0,52.0,0.26
1778,104.0,66.0,0.24
1779,156.0,88.0,0.26
1780,64.0,42.0,0.23
1781,237.0,116.0,0.29
1782,145.0,60.0,0.32
1783,164.0,82.0,0.29
1784,48.0,13.0,0.38
1785,130.0,50.0,0.33
1786,205.0,99.0,0.29
1787,68.0,37.0,0.27
1788,23.0,13.0,0.26
1789,180.0,96.0,0.27
1790,34.0,21.0,0.24
1791,47.0,11.0,0.39
1792,124.0,45.0,0.34
1793,174.0,77.0,0.31
1794,62.0,22.0,0.34
1795,158.0,104.0,0.23
1796,66.0,42.0,0.24
1797,111.0,8.0,0.46
1798,55.0,43.0,0.19
1799,120.0,75.0,0.24
1800,127.0,56.0,0.31
1801,192.0,104.0,0.27
1802,142.0,105.0,0.2
1803,60.0,29.0,0.29
1804,196.0,102.0,0.28
1805,137.0,46.0,0.35
1806,46.0,26.0,0.26
1807,201.0,86.0,0.31
1808,123.0,83.0,0.22
1809,65.0,35.0,0.27
1810,100.0,55.0,0.27
1811,173.0,104.0,0.25
1812,96.0,51.0,0.27
1813,52.0,39.0,0.2
1814,78.0,31.0,0.32
1815,126.0,85.0,0.22
1816,198.0,73.0,0.33
1817,23.0,14.0,0.25
1818,241.0,110.0,0.3
1819,159.0,96.0,0.25
1820,102.0,57.0,0.26
1821,180.0,134.0,0.2
1822,252.0,183.0,0.21
1823,159.0,126.0,0.19
1824,135.0,71.0,0.28
1825,159.0,80.0,0.28
1826,164.0,93.0,0.26
1827,203.0,109.0,0.27
1828,39.0,25.0,0.23
1829,116.0,70.0,0.25
1830,163.0,84.0,0.28
1831,98.0,84.0,0.17
1832,136.0,74.0,0.27
1833,190.0,111.0,0.25
1834,56.0,26.0,0.29
1835,237.0,146.0,0.25
1836,63.0,22.0,0.34
1837,203.0,129.0,0.24
1838,248.0,105.0,0.31
1839,56.0,28.0,0.28
1840,26.0,10.0,0.33
1841,64.0,33.0,0.28
1842,149.0,92.0,0.24
1843,21.0,13.0,0.25
1844,58.0,37.0,0.24
1845,128.0,76.0,0.25
1846,57.0,39.0,0.22
1847,135.0,92.0,0.22
1848,269.0,219.0,0.18
1849,124.0,90.0,0.21
1850,149.0,58.0,0.33
1851,180.0,63.0,0.34
1852,22.0,15.0,0.22
1853,179.0,55.0,0.36
1854,161.0,78.0,0.29
1855,154.0,100.0,0.23
1856,125.0,86.0,0.22
1857,76.0,32.0,0.31
1858,29.0,34.0,0.08
1859,27.0,11.0,0.32
1860,75.0,31.0,0.32
1861,49.0,28.0,0.26
1862,58.0,35.0,0.25
1863,172.0,101.0,0.25
1864,33.0,22.0,0.22
1865,35.0,14.0,0.33
1866,114.0,74.0,0.23
1867,141.0,56.0,0.33
1868,102.0,83.0,0.18
1869,50.0,42.0,0.17
1870,31.0,22.0,0.22
1871,74.0,32.0,0.31
1872,63.0,43.0,0.22
1873,69.0,22.0,0.35
1874,159.0,90.0,0.26
1875,44.0,28.0,0.24
1876,282.0,103.0,0.34
1877,130.0,66.0,0.28
1878,182.0,81.0,0.31
1879,77.0,26.0,0.35
1880,60.0,45.0,0.2
1881,195.0,59.0,0.36
1882,150.0,78.0,0.28
1883,152.0,38.0,0.38
1884,97.0,82.0,0.17
1885,83.0,33.0,0.32
1886,30.0,13.0,0.31
1887,167.0,95.0,0.26
1888,16.0,11.0,0.22
1889,291.0,119.0,0.32
1890,66.0,29.0,0.31
1891,97.0,60.0,0.24
1892,141.0,131.0,0.15
1893,163.0,81.0,0.29
1894,151.0,59.0,0.33
1895,146.0,63.0,0.31
1896,237.0,53.0,0.4
1897,105.0,68.0,0.23
1898,96.0,55.0,0.26
1899,52.0,24.0,0.3
1900,84.0,31.0,0.34
1901,79.0,30.0,0.33
1902,91.0,32.0,0.34
1903,67.0,14.0,0.4
1904,78.0,38.0,0.29
1905,80.0,63.0,0.19
1906,242.0,70.0,0.37
1907,206.0,116.0,0.26
1908,317.0,183.0,0.26
1909,84.0,20.0,0.39
1910,251.0,49.0,0.41
1911,219.0,107.0,0.29
1912,68.0,32.0,0.3
1913,17.0,8.0,0.31
1914,174.0,99.0,0.26
1915,116.0,83.0,0.21
1916,75.0,49.0,0.23
1917,63.0,31.0,0.29
1918,34.0,35.0,0.11
1919,45.0,22.0,0.29
1920,146.0,83.0,0.26
1921,30.0,18.0,0.25
1922,216.0,87.0,0.32
1923,215.0,129.0,0.25
1924,113.0,47.0,0.32
1925,179.0,78.0,0.31
1926,127.0,80.0,0.24
1927,139.0,104.0,0.2
1928,85.0,61.0,0.21
1929,29.0,17.0,0.26
1930,108.0,47.0,0.31
1931,135.0,46.0,0.35
1932,168.0,102.0,0.25
1933,175.0,103.0,0.25
1934,123.0,85.0,0.22
1935,141.0,60.0,0.31
1936,75.0,39.0,0.28
1937,155.0,86.0,0.26
1938,142.0,94.0,0.23
1939,45.0,62.0,0.03
1940,69.0,31.0,0.3
1941,210.0,77.0,0.34
1942,60.0,26.0,0.31
1943,32.0,18.0,0.26
1944,83.0,40.0,0.29
1945,142.0,89.0,0.24
1946,40.0,23.0,0.26
1947,134.0,62.0,0.3
1948,41.0,42.0,0.12
1949,166.0,138.0,0.17
1950,200.0,90.0,0.3
1951,203.0,96.0,0.3
1952,132.0,53.0,0.32
1953,46.0,20.0,0.31
1954,44.0,26.0,0.25
1955,121.0,63.0,0.28
1956,84.0,45.0,0.27
1957,111.0,30.0,0.37
1958,170.0,70.0,0.32
1959,87.0,32.0,0.34
1960,102.0,67.0,0.23
1961,40.0,29.0,0.21
1962,138.0,114.0,0.18
1963,14.0,6.0,0.31
1964,102.0,68.0,0.23
1965,65.0,15.0,0.4
1966,90.0,56.0,0.24
1967,138.0,86.0,0.24
1968,124.0,32.0,0.38
1969,401.0,259.0,0.23
1970,62.0,17.0,0.37
1971,101.0,59.0,0.26
1972,259.0,180.0,0.22
1973,247.0,104.0,0.31
1974,223.0,129.0,0.26
1975,192.0,98.0,0.28
1976,97.0,47.0,0.29
1977,155.0,115.0,0.2
1978,66.0,38.0,0.26
1979,129.0,61.0,0.3
1980,209.0,133.0,0.24
1981,119.0,77.0,0.23
1982,194.0,62.0,0.35
1983,23.0,16.0,0.21
1984,42.0,16.0,0.33
1985,205.0,123.0,0.25
1986,97.0,42.0,0.31
1987,165.0,112.0,0.22
1988,80.0,25.0,0.36
1989,87.0,49.0,0.26
1990,138.0,23.0,0.42
1991,36.0,35.0,0.13
1992,149.0,76.0,0.28
1993,208.0,27.0,0.44
1994,193.0,94.0,0.29
1995,142.0,60.0,0.32
1996,163.0,37.0,0.39
1997,144.0,50.0,0.34
1998,21.0,15.0,0.22
1999,67.0,24.0,0.34
2000,168.0,66.0,0.33
2001,185.0,109.0,0.25
2002,142.0,95.0,0.23
2003,178.0,76.0,0.31
2004,172.0,110.0,0.24
2005,154.0,58.0,0.33
2006,110.0,39.0,0.34
2007,118.0,61.0,0.28
2008,191.0,77.0,0.32
2009,29.0,12.0,0.32
2010,33.0,14.0,0.31
2011,203.0,58.0,0.37
2012,29.0,23.0,0.19
2013,61.0,21.0,0.34
2014,118.0,62.0,0.28
2015,143.0,50.0,0.34
2016,30.0,20.0,0.23
2017,27.0,14.0,0.28
2018,32.0,16.0,0.28
2019,177.0,104.0,0.25
2020,232.0,103.0,0.31
2021,89.0,37.0,0.32
2022,121.0,37.0,0.36
2023,223.0,81.0,0.34
2024,131.0,83.0,0.24
2025,112.0,63.0,0.26
2026,145.0,93.0,0.24
2027,113.0,66.0,0.25
2028,113.0,58.0,0.28
2029,192.0,90.0,0.3
2030,87.0,27.0,0.36
2031,185.0,142.0,0.19
2032,100.0,37.0,0.33
2033,70.0,36.0,0.28
2034,57.0,29.0,0.28
2035,135.0,28.0,0.4
2036,172.0,89.0,0.28
2037,114.0,71.0,0.24
2038,42.0,29.0,0.22
2039,140.0,80.0,0.26
2040,104.0,56.0,0.27
2041,196.0,121.0,0.24
2042,67.0,30.0,0.31
2043,114.0,56.0,0.29
2044,105.0,63.0,0.25
2045,193.0,57.0,0.37
2046,150.0,73.0,0.29
2047,212.0,105.0,0.29
2048,128.0,65.0,0.28
2049,12.0,17.0,0.01
2050,59.0,21.0,0.34
2051,32.0,29.0,0.15
2052,178.0,90.0,0.28
2053,180.0,88.0,0.29
2054,10.0,5.0,0.3
2055,16.0,5.0,0.35
2056,8.0,4.0,0.28
2057,185.0,84.0,0.3
2058,8.0,4.0,0.29
2059,20.0,6.0,0.36
2060,23.0,15.0,0.23
2061,24.0,14.0,0.25
2062,12.0,3.0,0.39
2063,12.0,8.0,0.22
2064,38.0,21.0,0.27
2065,66.0,27.0,0.32
2066,77.0,49.0,0.24
2067,202.0,103.0,0.28
2068,143.0,54.0,0.33
2069,10.0,7.0,0.22
2070,59.0,38.0,0.23
2071,107.0,89.0,0.18
2072,104.0,62.0,0.25
2073,169.0,13.0,0.46
2074,160.0,79.0,0.29
2075,98.0,54.0,0.27
2076,121.0,39.0,0.36
2077,75.0,34.0,0.3
2078,141.0,67.0,0.3
2079,22.0,14.0,0.24
2080,50.0,40.0,0.18
2081,136.0,96.0,0.22
2082,56.0,29.0,0.28
2083,228.0,64.0,0.37
2084,93.0,54.0,0.26
2085,65.0,35.0,0.27
2086,122.0,37.0,0.36
2087,112.0,47.0,0.32
2088,91.0,57.0,0.24
2089,61.0,33.0,0.27
2090,248.0,115.0,0.3
2091,156.0,98.0,0.24
2092,128.0,71.0,0.27
2093,177.0,119.0,0.22
2094,142.0,91.0,0.24
2095,233.0,97.0,0.32
2096,127.0,75.0,0.25
2097,66.0,35.0,0.27
2098,17.0,7.0,0.31
2099,14.0,14.0,0.13
2100,108.0,25.0,0.39
2101,157.0,76.0,0.29
2102,134.0,95.0,0.21
2103,167.0,61.0,0.34
2104,20.0,35.0,-0.06
2105,156.0,60.0,0.33
2106,46.0,23.0,0.29
2107,181.0,61.0,0.35
2108,69.0,33.0,0.3
2109,26.0,33.0,0.05
2110,64.0,30.0,0.3
2111,67.0,23.0,0.34
2112,67.0,24.0,0.34
2113,69.0,33.0,0.3
2114,95.0,70.0,0.2
2115,74.0,24.0,0.36
2116,93.0,35.0,0.33
2117,138.0,35.0,0.38
2118,46.0,20.0,0.31
2119,44.0,16.0,0.34
2120,14.0,9.0,0.23
2121,65.0,35.0,0.27
2122,87.0,49.0,0.27
2123,190.0,92.0,0.29
2124,97.0,33.0,0.35
2125,36.0,13.0,0.34
2126,68.0,34.0,0.29
2127,16.0,9.0,0.25
2128,72.0,32.0,0.31
2129,46.0,17.0,0.34
2130,75.0,33.0,0.31
2131,41.0,24.0,0.26
2132,28.0,14.0,0.28
2133,177.0,72.0,0.32
2134,104.0,49.0,0.3
2135,126.0,56.0,0.31
2136,60.0,48.0,0.18
2137,91.0,41.0,0.3
2138,95.0,47.0,0.29
2139,86.0,30.0,0.34
2140,28.0,16.0,0.26
2141,89.0,79.0,0.16
2142,128.0,40.0,0.36
2143,39.0,27.0,0.22
2144,69.0,33.0,0.29
2145,59.0,25.0,0.31
2146,14.0,15.0,0.12
2147,85.0,30.0,0.34
2148,75.0,40.0,0.27
2149,41.0,20.0,0.29
2150,143.0,117.0,0.18
2151,104.0,54.0,0.28
2152,40.0,25.0,0.24
2153,98.0,20.0,0.4
2154,108.0,46.0,0.31
2155,139.0,59.0,0.31
2156,184.0,139.0,0.2
2157,194.0,82.0,0.32
2158,132.0,65.0,0.29
2159,275.0,101.0,0.34
2160,55.0,38.0,0.22
2161,78.0,42.0,0.27
2162,124.0,70.0,0.26
2163,201.0,39.0,0.41
2164,22.0,15.0,0.22
2165,218.0,57.0,0.38
2166,28.0,13.0,0.3
2167,336.0,166.0,0.29
2168,62.0,44.0,0.21
2169,178.0,117.0,0.23
2170,33.0,18.0,0.27
2171,110.0,29.0,0.38
2172,237.0,66.0,0.37
2173,205.0,38.0,0.41
2174,18.0,7.0,0.33
2175,160.0,62.0,0.33
2176,19.0,9.0,0.3
2177,25.0,12.0,0.29
2178,13.0,6.0,0.29
2179,109.0,82.0,0.2
2180,12.0,8.0,0.22
2181,166.0,85.0,0.28
2182,190.0,49.0,0.38
2183,108.0,41.0,0.33
2184,92.0,72.0,0.19
2185,137.0,143.0,0.11
2186,185.0,64.0,0.34
2187,112.0,83.0,0.2
2188,145.0,87.0,0.25
2189,147.0,77.0,0.28
2190,198.0,79.0,0.32
2191,103.0,50.0,0.29
2192,191.0,105.0,0.27
2193,89.0,54.0,0.25
2194,158.0,64.0,0.32
2195,228.0,93.0,0.32
2196,56.0,23.0,0.32
2197,193.0,134.0,0.22
2198,167.0,43.0,0.38
2199,13.0,7.0,0.27
2200,72.0,40.0,0.27
2201,139.0,118.0,0.17
2202,38.0,18.0,0.3
2203,76.0,31.0,0.32
2204,110.0,41.0,0.34
2205,18.0,7.0,0.33
2206,88.0,66.0,0.2
2207,18.0,9.0,0.29
2208,121.0,94.0,0.19
2209,198.0,75.0,0.33
2210,25.0,14.0,0.27
2211,194.0,120.0,0.24
2212,151.0,80.0,0.27
2213,42.0,26.0,0.25
2214,180.0,82.0,0.3
2215,106.0,80.0,0.2
2216,55.0,19.0,0.35
2217,181.0,90.0,0.29
2218,229.0,214.0,0.14
2219,29.0,17.0,0.25
2220,144.0,158.0,0.1
2221,87.0,44.0,0.28
2222,196.0,87.0,0.31
2223,133.0,138.0,0.12
2224,12.0,4.0,0.35
2225,99.0,27.0,0.38
2226,77.0,42.0,0.27
2227,61.0,27.0,0.31
2228,37.0,15.0,0.32
2229,6.0,3.0,0.27
2230,35.0,19.0,0.27
2231,42.0,16.0,0.33
2232,122.0,38.0,0.36
2233,280.0,140.0,0.29
2234,132.0,52.0,0.33
2235,203.0,68.0,0.35
2236,273.0,116.0,0.31
2237,71.0,24.0,0.35
2238,83.0,47.0,0.26
2239,60.0,37.0,0.25
2240,62.0,21.0,0.35
2241,39.0,15.0,0.33
2242,137.0,152.0,0.09
2243,35.0,15.0,0.31
2244,86.0,37.0,0.31
2245,219.0,166.0,0.2
2246,120.0,38.0,0.36
2247,137.0,115.0,0.17
2248,118.0,32.0,0.37
2249,225.0,159.0,0.21
2250,31.0,9.0,0.37
2251,190.0,66.0,0.34
2252,53.0,19.0,0.34
2253,20.0,6.0,0.36
2254,23.0,12.0,0.28
2255,104.0,58.0,0.26
2256,100.0,64.0,0.24
2257,97.0,46.0,0.3
2258,132.0,28.0,0.4
2259,51.0,33.0,0.24
2260,195.0,59.0,0.36
2261,321.0,224.0,0.22
2262,185.0,108.0,0.25
2263,107.0,47.0,0.31
2264,74.0,43.0,0.26
2265,110.0,56.0,0.28
2266,30.0,21.0,0.21
2267,194.0,96.0,0.29
2268,40.0,19.0,0.3
2269,43.0,19.0,0.31
2270,228.0,117.0,0.28
2271,106.0,56.0,0.28
2272,190.0,122.0,0.24
2273,9.0,6.0,0.24
2274,42.0,36.0,0.17
2275,309.0,147.0,0.29
2276,56.0,39.0,0.22
2277,106.0,48.0,0.3
2278,55.0,14.0,0.39
2279,48.0,23.0,0.3
2280,162.0,44.0,0.38
2281,31.0,21.0,0.22
2282,14.0,6.0,0.32
2283,108.0,47.0,0.31
2284,211.0,114.0,0.27
2285,39.0,21.0,0.27
2286,62.0,38.0,0.25
2287,222.0,94.0,0.31
2288,163.0,59.0,0.34
2289,116.0,45.0,0.33
2290,184.0,57.0,0.36
2291,52.0,40.0,0.19
2292,222.0,96.0,0.31
2293,141.0,114.0,0.18
2294,199.0,88.0,0.31
2295,72.0,48.0,0.23
2296,58.0,30.0,0.28
2297,212.0,49.0,0.39
2298,159.0,78.0,0.29
2299,30.0,18.0,0.25
2300,265.0,94.0,0.34
2301,72.0,27.0,0.34
2302,114.0,40.0,0.34
2303,180.0,41.0,0.4
2304,162.0,49.0,0.36
2305,59.0,39.0,0.23
2306,167.0,85.0,0.28
2307,197.0,156.0,0.19
2308,161.0,69.0,0.31
2309,54.0,14.0,0.38
2310,164.0,54.0,0.35
2311,203.0,57.0,0.37
2312,15.0,11.0,0.22
2313,15.0,5.0,0.34
2314,243.0,87.0,0.34
2315,160.0,27.0,0.42
2316,22.0,8.0,0.35
2317,62.0,27.0,0.31
2318,119.0,86.0,0.21
2319,55.0,19.0,0.35
2320,228.0,113.0,0.29
2321,65.0,20.0,0.36
2322,163.0,65.0,0.32
2323,137.0,115.0,0.17
2324,6.0,5.0,0.21
2325,136.0,97.0,0.21
2326,123.0,49.0,0.32
2327,47.0,30.0,0.24
2328,42.0,16.0,0.33
2329,24.0,17.0,0.21
2330,190.0,106.0,0.27
2331,100.0,40.0,0.33
2332,18.0,10.0,0.26
2333,274.0,96.0,0.34
2334,10.0,4.0,0.31
2335,9.0,5.0,0.28
2336,15.0,7.0,0.28
2337,60.0,20.0,0.35
2338,163.0,76.0,0.3
2339,133.0,76.0,0.26
2340,10.0,5.0,0.29
2341,105.0,61.0,0.26
2342,138.0,71.0,0.28
2343,12.0,6.0,0.28
2344,222.0,79.0,0.34
2345,164.0,49.0,0.36
2346,97.0,55.0,0.26
2347,218.0,137.0,0.24
2348,63.0,21.0,0.35
2349,101.0,73.0,0.21
2350,200.0,83.0,0.32
2351,99.0,23.0,0.39
2352,146.0,47.0,0.36
2353,22.0,13.0,0.25
2354,120.0,48.0,0.32
2355,108.0,39.0,0.34
2356,200.0,76.0,0.33
2357,175.0,104.0,0.25
2358,157.0,80.0,0.28
2359,100.0,63.0,0.24
2360,260.0,172.0,0.23
2361,113.0,61.0,0.27
2362,69.0,34.0,0.29
2363,134.0,46.0,0.34
2364,52.0,34.0,0.23
2365,167.0,94.0,0.26
2366,212.0,107.0,0.28
2367,61.0,51.0,0.17
2368,39.0,22.0,0.26
2369,30.0,17.0,0.26
2370,129.0,70.0,0.27
2371,140.0,76.0,0.27
2372,94.0,44.0,0.3
2373,33.0,20.0,0.25
2374,142.0,75.0,0.27
2375,151.0,39.0,0.38
2376,159.0,51.0,0.35
2377,104.0,69.0,0.23
2378,109.0,46.0,0.32
2379,75.0,55.0,0.2
2380,158.0,63.0,0.32
2381,187.0,96.0,0.28
2382,192.0,98.0,0.28
2383,129.0,84.0,0.23
2384,16.0,10.0,0.24
2385,16.0,10.0,0.24
2386,162.0,51.0,0.36
2387,119.0,93.0,0.19
2388,218.0,74.0,0.35
2389,89.0,53.0,0.25
2390,127.0,34.0,0.38
2391,7.0,4.0,0.28
2392,41.0,20.0,0.29
2393,201.0,103.0,0.28
2394,16.0,7.0,0.31
2395,147.0,85.0,0.26
2396,93.0,29.0,0.36
2397,61.0,23.0,0.33
2398,113.0,66.0,0.26
2399,185.0,85.0,0.3
2400,133.0,58.0,0.31
2401,107.0,51.0,0.29
2402,74.0,37.0,0.28
2403,17.0,8.0,0.29
2404,46.0,27.0,0.25
2405,44.0,27.0,0.25
2406,107.0,20.0,0.41
2407,9.0,4.0,0.3
2408,253.0,176.0,0.22
2409,184.0,84.0,0.3
2410,178.0,88.0,0.29
2411,177.0,55.0,0.36
2412,53.0,20.0,0.33
2413,53.0,30.0,0.26
2414,251.0,101.0,0.32
2415,162.0,54.0,0.35
2416,120.0,56.0,0.3
2417,85.0,33.0,0.33
2418,184.0,92.0,0.29
2419,191.0,52.0,0.38
2420,192.0,54.0,0.37
2421,78.0,54.0,0.22
2422,38.0,26.0,0.22
2423,23.0,15.0,0.24
2424,14.0,7.0,0.28
2425,11.0,5.0,0.3
2426,14.0,8.0,0.27
2427,23.0,11.0,0.28
2428,16.0,9.0,0.27
2429,22.0,10.0,0.31
2430,38.0,30.0,0.19
2431,104.0,51.0,0.29
2432,45.0,36.0,0.18
2433,61.0,44.0,0.21
2434,95.0,66.0,0.22
2435,187.0,72.0,0.33
2436,174.0,97.0,0.27
2437,162.0,70.0,0.31
2438,50.0,21.0,0.32
2439,180.0,97.0,0.27
2440,28.0,18.0,0.24
2441,21.0,13.0,0.24
2442,146.0,132.0,0.15
2443,146.0,78.0,0.27
2444,171.0,102.0,0.25
2445,194.0,122.0,0.24
2446,119.0,25.0,0.4
2447,96.0,58.0,0.25
2448,150.0,64.0,0.31
2449,196.0,79.0,0.32
2450,189.0,76.0,0.32
2451,52.0,30.0,0.26
2452,231.0,111.0,0.29
2453,53.0,18.0,0.35
2454,57.0,25.0,0.31
2455,32.0,28.0,0.17
2456,86.0,34.0,0.32
2457,102.0,40.0,0.33
2458,165.0,49.0,0.36
2459,187.0,88.0,0.3
2460,53.0,14.0,0.38
2461,215.0,87.0,0.32
2462,52.0,25.0,0.29
2463,50.0,14.0,0.37
2464,42.0,25.0,0.25
2465,21.0,8.0,0.32
2466,45.0,22.0,0.29
2467,70.0,36.0,0.28
2468,50.0,27.0,0.27
2469,43.0,17.0,0.32
2470,75.0,23.0,0.36
2471,127.0,58.0,0.3
2472,54.0,26.0,0.29
2473,48.0,30.0,0.24
2474,28.0,6.0,0.39
2475,58.0,24.0,0.32
2476,96.0,77.0,0.18
2477,210.0,106.0,0.28
2478,108.0,60.0,0.27
2479,17.0,14.0,0.17
2480,225.0,114.0,0.28
2481,128.0,32.0,0.38
2482,23.0,16.0,0.23
2483,55.0,28.0,0.28
2484,24.0,15.0,0.25
2485,35.0,24.0,0.22
2486,142.0,72.0,0.28
2487,82.0,37.0,0.3
2488,112.0,46.0,0.32
2489,59.0,38.0,0.23
2490,173.0,72.0,0.32
2491,168.0,94.0,0.27
2492,20.0,12.0,0.25
2493,174.0,70.0,0.32
2494,64.0,33.0,0.28
2495,63.0,22.0,0.34
2496,47.0,25.0,0.28
2497,120.0,66.0,0.27
2498,75.0,53.0,0.21
2499,23.0,13.0,0.27
2500,16.0,7.0,0.3
2501,114.0,24.0,0.4
2502,132.0,32.0,0.39
2503,84.0,38.0,0.31
2504,107.0,30.0,0.37
2505,267.0,60.0,0.39
2506,32.0,21.0,0.23
2507,21.0,14.0,0.22
2508,29.0,44.0,-0.0
2509,98.0,71.0,0.21
2510,173.0,81.0,0.3
2511,131.0,91.0,0.22
2512,208.0,121.0,0.26
2513,67.0,22.0,0.35
2514,21.0,12.0,0.26
2515,146.0,25.0,0.42
2516,186.0,101.0,0.27
2517,124.0,63.0,0.28
2518,43.0,31.0,0.21
2519,173.0,77.0,0.31
2520,79.0,47.0,0.25
2521,256.0,138.0,0.27
2522,23.0,14.0,0.24
2523,27.0,15.0,0.26
2524,146.0,99.0,0.22
2525,70.0,35.0,0.29
2526,212.0,185.0,0.16
2527,246.0,124.0,0.28
2528,97.0,54.0,0.27
2529,110.0,53.0,0.29
2530,146.0,52.0,0.34
2531,162.0,59.0,0.34
2532,191.0,142.0,0.2
2533,148.0,65.0,0.31
2534,73.0,40.0,0.27
2535,201.0,93.0,0.3
2536,213.0,95.0,0.31
2537,48.0,21.0,0.31
2538,181.0,83.0,0.3
2539,249.0,154.0,0.24
2540,177.0,117.0,0.23
2541,43.0,15.0,0.34
2542,38.0,28.0,0.21
2543,56.0,30.0,0.27
2544,56.0,19.0,0.35
2545,68.0,46.0,0.23
2546,94.0,48.0,0.28
2547,40.0,34.0,0.17
2548,93.0,35.0,0.33
2549,103.0,41.0,0.33
2550,36.0,25.0,0.22
2551,31.0,20.0,0.24
2552,71.0,24.0,0.35
2553,139.0,91.0,0.23
2554,36.0,20.0,0.26
2555,126.0,55.0,0.31
2556,31.0,22.0,0.21
2557,86.0,36.0,0.32
2558,179.0,48.0,0.38
2559,55.0,29.0,0.28
2560,51.0,28.0,0.27
2561,44.0,19.0,0.31
2562,39.0,20.0,0.28
2563,42.0,18.0,0.31
2564,37.0,19.0,0.28
2565,41.0,20.0,0.29
2566,36.0,14.0,0.32
2567,34.0,22.0,0.24
2568,29.0,18.0,0.24
2569,36.0,26.0,0.21
2570,24.0,17.0,0.21
2571,76.0,47.0,0.25
2572,104.0,46.0,0.31
2573,51.0,15.0,0.37
2574,51.0,13.0,0.38
2575,60.0,29.0,0.29
2576,174.0,20.0,0.45
2577,224.0,133.0,0.25
2578,97.0,54.0,0.27
2579,129.0,76.0,0.25
2580,178.0,60.0,0.35
2581,155.0,66.0,0.31
2582,54.0,36.0,0.22
2583,48.0,28.0,0.25
2584,37.0,29.0,0.19
2585,55.0,25.0,0.3
2586,181.0,72.0,0.32
2587,28.0,19.0,0.23
2588,132.0,70.0,0.28
2589,37.0,15.0,0.32
2590,26.0,16.0,0.24
2591,188.0,96.0,0.28
2592,135.0,57.0,0.32
2593,42.0,17.0,0.32
2594,62.0,31.0,0.29
2595,84.0,40.0,0.3
2596,197.0,72.0,0.34
2597,74.0,47.0,0.24
2598,79.0,26.0,0.35
2599,143.0,22.0,0.43
2600,204.0,96.0,0.3
2601,184.0,88.0,0.29
2602,111.0,64.0,0.26
2603,98.0,54.0,0.27
2604,26.0,19.0,0.21
2605,18.0,13.0,0.21
2606,106.0,55.0,0.28
2607,228.0,155.0,0.22
2608,104.0,48.0,0.3
2609,58.0,31.0,0.28
2610,110.0,60.0,0.27
2611,145.0,59.0,0.32
2612,142.0,76.0,0.27
2613,191.0,100.0,0.28
2614,174.0,39.0,0.4
2615,141.0,79.0,0.26
2616,205.0,97.0,0.3
2617,33.0,23.0,0.22
2618,65.0,33.0,0.29
2619,42.0,16.0,0.33
2620,132.0,57.0,0.31
2621,71.0,30.0,0.32
2622,123.0,53.0,0.31
2623,190.0,126.0,0.23
2624,121.0,26.0,0.4
2625,103.0,26.0,0.38
2626,115.0,53.0,0.3
2627,68.0,24.0,0.34
2628,135.0,59.0,0.31
2629,67.0,33.0,0.29
2630,109.0,50.0,0.3
2631,63.0,15.0,0.39
2632,52.0,31.0,0.25
2633,99.0,65.0,0.23
2634,129.0,40.0,0.36
2635,140.0,50.0,0.34
2636,152.0,77.0,0.28
2637,45.0,25.0,0.27
2638,237.0,171.0,0.21
2639,207.0,51.0,0.39
2640,162.0,31.0,0.41
2641,10.0,7.0,0.23
2642,174.0,81.0,0.3
2643,157.0,53.0,0.35
2644,87.0,55.0,0.24
2645,90.0,45.0,0.29
2646,130.0,86.0,0.23
2647,213.0,110.0,0.28
2648,69.0,20.0,0.37
2649,181.0,89.0,0.29
2650,162.0,83.0,0.28
2651,213.0,80.0,0.33
2652,159.0,46.0,0.37
2653,178.0,89.0,0.29
2654,79.0,40.0,0.28
2655,143.0,75.0,0.28
2656,191.0,103.0,0.27
2657,122.0,47.0,0.33
2658,140.0,46.0,0.35
2659,147.0,51.0,0.34
2660,71.0,18.0,0.38
2661,211.0,138.0,0.23
2662,116.0,85.0,0.21
2663,187.0,116.0,0.24
2664,210.0,116.0,0.27
2665,76.0,15.0,0.41
2666,142.0,56.0,0.33
2667,21.0,14.0,0.23
2668,24.0,19.0,0.19
2669,175.0,86.0,0.29
2670,104.0,72.0,0.22
2671,62.0,38.0,0.25
2672,237.0,109.0,0.3
2673,53.0,15.0,0.37
2674,12.0,7.0,0.27
2675,118.0,92.0,0.19
2676,49.0,30.0,0.25
2677,13.0,7.0,0.28
2678,55.0,24.0,0.31
2679,77.0,17.0,0.4
2680,216.0,116.0,0.27
2681,109.0,81.0,0.2
2682,20.0,20.0,0.12
2683,211.0,96.0,0.3
2684,153.0,49.0,0.36
2685,152.0,57.0,0.33
2686,223.0,109.0,0.29
2687,199.0,96.0,0.29
2688,164.0,77.0,0.3
2689,146.0,67.0,0.3
2690,173.0,82.0,0.29
2691,148.0,54.0,0.34
2692,152.0,57.0,0.33
2693,181.0,77.0,0.31
2694,43.0,25.0,0.26
2695,148.0,118.0,0.19
2696,213.0,187.0,0.16
2697,241.0,95.0,0.33
2698,124.0,60.0,0.29
2699,142.0,92.0,0.23
2700,46.0,35.0,0.2
2701,95.0,55.0,0.26
2702,109.0,51.0,0.3
2703,149.0,105.0,0.22
2704,44.0,20.0,0.3
2705,123.0,72.0,0.26
2706,119.0,86.0,0.21
2707,227.0,175.0,0.19
2708,69.0,22.0,0.36
2709,62.0,41.0,0.23
2710,156.0,87.0,0.26
2711,171.0,82.0,0.29
2712,125.0,51.0,0.32
2713,141.0,81.0,0.26
2714,44.0,16.0,0.34
2715,165.0,47.0,0.37
2716,125.0,65.0,0.28
2717,112.0,79.0,0.21
2718,54.0,14.0,0.38
2719,43.0,15.0,0.34
2720,133.0,93.0,0.22
2721,6.0,13.0,-0.12
2722,7.0,12.0,-0.06
2723,165.0,67.0,0.32
2724,140.0,38.0,0.38
2725,115.0,49.0,0.31
2726,194.0,91.0,0.3
2727,127.0,50.0,0.33
2728,26.0,17.0,0.24
2729,159.0,69.0,0.31
2730,222.0,117.0,0.28
2731,217.0,106.0,0.29
2732,115.0,48.0,0.32
2733,54.0,33.0,0.24
2734,46.0,28.0,0.25
2735,42.0,22.0,0.27
2736,216.0,89.0,0.32
2737,69.0,37.0,0.27
2738,15.0,8.0,0.29
2739,137.0,57.0,0.32
2740,179.0,104.0,0.26
2741,136.0,80.0,0.25
2742,43.0,17.0,0.32
2743,8.0,5.0,0.26
2744,28.0,17.0,0.25
2745,255.0,159.0,0.24
2746,53.0,22.0,0.32
2747,89.0,72.0,0.18
2748,84.0,43.0,0.28
2749,209.0,105.0,0.28
2750,342.0,196.0,0.26
2751,75.0,33.0,0.31
2752,233.0,97.0,0.32
2753,228.0,112.0,0.29
2754,247.0,125.0,0.28
2755,207.0,190.0,0.15
2756,54.0,40.0,0.2
2757,24.0,18.0,0.2
2758,49.0,40.0,0.18
2759,43.0,33.0,0.19
2760,110.0,51.0,0.3
2761,54.0,23.0,0.31
2762,67.0,37.0,0.27
2763,55.0,28.0,0.29
2764,38.0,22.0,0.26
2765,38.0,24.0,0.24
2766,29.0,19.0,0.23
2767,26.0,16.0,0.24
2768,26.0,16.0,0.25
2769,104.0,70.0,0.22
2770,135.0,92.0,0.22
2771,112.0,74.0,0.23
2772,127.0,82.0,0.24
2773,138.0,75.0,0.27
2774,45.0,27.0,0.25
2775,83.0,57.0,0.22
2776,75.0,48.0,0.24
2777,73.0,44.0,0.25
2778,61.0,38.0,0.24
2779,57.0,36.0,0.24
2780,246.0,93.0,0.33
2781,52.0,34.0,0.23
2782,28.0,24.0,0.17
2783,162.0,18.0,0.45
2784,24.0,9.0,0.33
2785,365.0,173.0,0.3
2786,142.0,104.0,0.21
2787,292.0,120.0,0.32
2788,63.0,28.0,0.3
2789,52.0,24.0,0.3
2790,126.0,77.0,0.25
2791,15.0,7.0,0.29
2792,202.0,85.0,0.32
2793,227.0,149.0,0.23
2794,70.0,30.0,0.31
2795,211.0,187.0,0.16
2796,14.0,9.0,0.23
2797,16.0,9.0,0.25
2798,137.0,15.0,0.45
2799,114.0,50.0,0.31
2800,148.0,63.0,0.31
2801,205.0,136.0,0.23
2802,90.0,59.0,0.23
2803,88.0,69.0,0.19
2804,95.0,58.0,0.25
2805,180.0,77.0,0.31
2806,36.0,18.0,0.29
2807,46.0,16.0,0.35
2808,195.0,95.0,0.29
2809,116.0,72.0,0.24
2810,98.0,62.0,0.24
2811,191.0,68.0,0.34
2812,22.0,10.0,0.3
2813,26.0,7.0,0.38
2814,41.0,13.0,0.35
2815,62.0,26.0,0.32
2816,129.0,61.0,0.3
2817,187.0,84.0,0.31
2818,163.0,61.0,0.33
2819,168.0,84.0,0.29
2820,61.0,31.0,0.28
2821,55.0,28.0,0.29
2822,252.0,93.0,0.34
2823,35.0,23.0,0.23
2824,63.0,43.0,0.22
2825,53.0,34.0,0.24
2826,51.0,38.0,0.2
2827,51.0,32.0,0.24
2828,45.0,33.0,0.21
2829,44.0,27.0,0.25
2830,204.0,117.0,0.26
2831,162.0,48.0,0.36
2832,156.0,52.0,0.35
2833,177.0,104.0,0.25
2834,94.0,37.0,0.33
2835,106.0,56.0,0.27
2836,134.0,54.0,0.32
2837,60.0,35.0,0.26
2838,186.0,73.0,0.33
2839,46.0,21.0,0.3
2840,64.0,36.0,0.26
2841,65.0,42.0,0.24
2842,80.0,50.0,0.24
2843,71.0,50.0,0.21
2844,14.0,5.0,0.33
2845,193.0,115.0,0.25
2846,132.0,59.0,0.31
2847,16.0,8.0,0.28
2848,74.0,51.0,0.22
2849,39.0,23.0,0.25
2850,68.0,34.0,0.29
2851,22.0,11.0,0.29
2852,72.0,30.0,0.32
2853,69.0,23.0,0.35
2854,114.0,67.0,0.25
2855,115.0,64.0,0.27
2856,144.0,62.0,0.31
2857,82.0,35.0,0.31
2858,33.0,5.0,0.43
2859,144.0,60.0,0.32
2860,114.0,42.0,0.34
2861,124.0,58.0,0.3
2862,131.0,71.0,0.27
2863,172.0,87.0,0.28
2864,86.0,26.0,0.36
2865,100.0,85.0,0.17
2866,97.0,82.0,0.17
2867,33.0,14.0,0.31
2868,60.0,24.0,0.32
2869,58.0,22.0,0.33
2870,36.0,26.0,0.21
2871,168.0,86.0,0.28
2872,60.0,38.0,0.24
2873,78.0,24.0,0.36
2874,165.0,81.0,0.29
2875,102.0,59.0,0.26
2876,152.0,67.0,0.31
2877,136.0,46.0,0.35
2878,147.0,48.0,0.35
2879,23.0,15.0,0.23
2880,297.0,173.0,0.26
2881,31.0,17.0,0.27
2882,116.0,43.0,0.34
2883,90.0,36.0,0.32
2884,82.0,39.0,0.3
2885,223.0,122.0,0.27
2886,152.0,89.0,0.25
2887,326.0,176.0,0.27
2888,49.0,27.0,0.27
2889,23.0,7.0,0.37
2890,29.0,8.0,0.37
2891,140.0,86.0,0.25
2892,53.0,22.0,0.31
2893,101.0,45.0,0.31
2894,363.0,186.0,0.28
2895,175.0,65.0,0.33
2896,244.0,104.0,0.31
2897,247.0,97.0,0.33
2898,90.0,20.0,0.4
2899,213.0,87.0,0.32
2900,183.0,109.0,0.25
2901,100.0,39.0,0.33
2902,117.0,32.0,0.37
2903,178.0,79.0,0.31
2904,119.0,59.0,0.29
2905,258.0,144.0,0.26
2906,48.0,23.0,0.29
2907,231.0,99.0,0.31
2908,246.0,183.0,0.2
2909,154.0,97.0,0.24
2910,205.0,94.0,0.3
2911,107.0,53.0,0.29
2912,88.0,37.0,0.32
2913,149.0,86.0,0.26
2914,56.0,29.0,0.28
2915,239.0,128.0,0.27
2916,156.0,71.0,0.3
2917,22.0,15.0,0.22
2918,174.0,78.0,0.31
2919,182.0,70.0,0.33
2920,184.0,99.0,0.27
2921,123.0,36.0,0.37
2922,227.0,99.0,0.31
2923,212.0,91.0,0.31
2924,310.0,177.0,0.26
2925,216.0,114.0,0.27
2926,166.0,30.0,0.41
2927,91.0,36.0,0.32
2928,98.0,23.0,0.39
2929,183.0,72.0,0.33
2930,61.0,19.0,0.36
2931,72.0,40.0,0.27
2932,157.0,85.0,0.27
2933,239.0,112.0,0.3
2934,101.0,38.0,0.33
2935,17.0,8.0,0.31
2936,273.0,123.0,0.3
2937,288.0,144.0,0.29
2938,127.0,47.0,0.34
2939,226.0,116.0,0.28
2940,231.0,122.0,0.28
2941,30.0,22.0,0.2
2942,137.0,43.0,0.36
2943,38.0,28.0,0.2
2944,219.0,125.0,0.26
2945,108.0,45.0,0.32
2946,198.0,100.0,0.28
2947,22.0,19.0,0.17
2948,193.0,102.0,0.28
2949,209.0,86.0,0.32
2950,251.0,127.0,0.28
2951,110.0,48.0,0.31
2952,23.0,6.0,0.38
2953,84.0,19.0,0.4
2954,208.0,65.0,0.36
2955,28.0,3.0,0.44
2956,60.0,29.0,0.29
2957,106.0,47.0,0.31
2958,195.0,89.0,0.3
2959,40.0,16.0,0.33
2960,48.0,25.0,0.28
2961,38.0,16.0,0.31
2962,283.0,175.0,0.24
2963,87.0,39.0,0.3
2964,129.0,28.0,0.4
2965,198.0,94.0,0.29
2966,302.0,141.0,0.3
2967,25.0,20.0,0.18
2968,38.0,21.0,0.27
2969,210.0,89.0,0.31
2970,199.0,67.0,0.35
2971,55.0,36.0,0.23
2972,133.0,104.0,0.19
2973,161.0,79.0,0.29
2974,122.0,160.0,0.04
2975,211.0,139.0,0.23
2976,178.0,76.0,0.31
2977,236.0,118.0,0.29
2978,285.0,140.0,0.29
2979,139.0,68.0,0.29
2980,81.0,39.0,0.29
2981,39.0,14.0,0.34
2982,80.0,45.0,0.26
2983,116.0,65.0,0.27
2984,66.0,33.0,0.28
2985,68.0,21.0,0.36
2986,155.0,69.0,0.31
2987,40.0,21.0,0.28
2988,199.0,97.0,0.29
2989,83.0,46.0,0.27
2990,67.0,39.0,0.26
2991,76.0,51.0,0.23
2992,60.0,40.0,0.23
2993,43.0,22.0,0.28
2994,299.0,211.0,0.21
2995,218.0,82.0,0.33
2996,46.0,15.0,0.35
2997,136.0,40.0,0.36
2998,141.0,93.0,0.23
2999,195.0,172.0,0.16
3000,207.0,149.0,0.21
3001,221.0,147.0,0.23
3002,172.0,63.0,0.34
3003,96.0,30.0,0.36
3004,60.0,34.0,0.26
3005,102.0,40.0,0.33
3006,23.0,11.0,0.3
3007,20.0,9.0,0.31
3008,180.0,111.0,0.25
3009,259.0,129.0,0.29
3010,21.0,15.0,0.21
3011,113.0,63.0,0.26
3012,93.0,44.0,0.3
3013,56.0,36.0,0.24
3014,87.0,50.0,0.26
3015,181.0,56.0,0.36
3016,70.0,24.0,0.35
3017,68.0,21.0,0.36
3018,304.0,147.0,0.29
3019,300.0,197.0,0.23
3020,55.0,40.0,0.21
3021,57.0,25.0,0.31
3022,81.0,40.0,0.29
3023,96.0,35.0,0.34
3024,56.0,19.0,0.35
3025,80.0,43.0,0.27
3026,94.0,54.0,0.26
3027,86.0,65.0,0.2
3028,115.0,91.0,0.19
3029,152.0,62.0,0.32
3030,221.0,91.0,0.32
3031,153.0,84.0,0.27
3032,149.0,60.0,0.32
3033,153.0,134.0,0.16
3034,22.0,15.0,0.23
3035,15.0,6.0,0.32
3036,89.0,50.0,0.26
3037,29.0,16.0,0.27
3038,82.0,54.0,0.23
3039,164.0,76.0,0.3
3040,29.0,20.0,0.22
3041,134.0,76.0,0.26
3042,53.0,24.0,0.3
3043,73.0,34.0,0.3
3044,58.0,30.0,0.28
3045,75.0,51.0,0.22
3046,188.0,109.0,0.26
3047,31.0,16.0,0.28
3048,100.0,44.0,0.31
3049,183.0,97.0,0.28
3050,59.0,28.0,0.3
3051,31.0,24.0,0.19
3052,114.0,60.0,0.28
3053,150.0,109.0,0.21
3054,156.0,116.0,0.2
3055,18.0,10.0,0.25
3056,42.0,16.0,0.33
3057,166.0,81.0,0.29
3058,185.0,117.0,0.24
3059,213.0,91.0,0.31
3060,42.0,21.0,0.29
3061,101.0,52.0,0.28
3062,65.0,20.0,0.36
3063,75.0,37.0,0.29
3064,26.0,14.0,0.27
3065,216.0,108.0,0.29
3066,32.0,17.0,0.27
3067,12.0,6.0,0.27
3068,27.0,13.0,0.28
3069,134.0,91.0,0.22
3070,121.0,50.0,0.32
3071,272.0,137.0,0.28
3072,119.0,71.0,0.25
3073,101.0,53.0,0.28
3074,118.0,75.0,0.24
3075,49.0,39.0,0.19
3076,32.0,23.0,0.21
3077,50.0,36.0,0.21
3078,39.0,26.0,0.23
3079,39.0,25.0,0.23
3080,36.0,24.0,0.23
3081,67.0,46.0,0.22
3082,57.0,34.0,0.25
3083,57.0,36.0,0.24
3084,45.0,33.0,0.21
3085,35.0,24.0,0.22
3086,57.0,47.0,0.17
3087,50.0,35.0,0.21
3088,35.0,22.0,0.24
3089,44.0,21.0,0.3
3090,71.0,30.0,0.31
3091,161.0,59.0,0.34
3092,68.0,48.0,0.21
3093,21.0,9.0,0.32
3094,58.0,28.0,0.29
3095,27.0,12.0,0.3
3096,179.0,74.0,0.32
3097,76.0,45.0,0.25
3098,82.0,44.0,0.27
3099,153.0,60.0,0.33
3100,94.0,38.0,0.32
3101,234.0,92.0,0.33
3102,199.0,103.0,0.28
3103,69.0,36.0,0.28
3104,43.0,17.0,0.33
3105,35.0,18.0,0.28
3106,28.0,13.0,0.3
3107,30.0,17.0,0.26
3108,63.0,27.0,0.31
3109,59.0,25.0,0.32
3110,351.0,188.0,0.27
3111,364.0,167.0,0.3
3112,159.0,100.0,0.24
3113,63.0,34.0,0.27
3114,26.0,11.0,0.31
3115,19.0,8.0,0.31
3116,20.0,8.0,0.32
3117,25.0,16.0,0.23
3118,18.0,8.0,0.3
3119,36.0,18.0,0.28
3120,55.0,24.0,0.31
3121,142.0,45.0,0.36
3122,21.0,5.0,0.39
3123,21.0,10.0,0.29
3124,232.0,84.0,0.34
3125,65.0,42.0,0.23
3126,23.0,11.0,0.29
3127,51.0,14.0,0.37
3128,63.0,35.0,0.27
3129,40.0,15.0,0.33
3130,46.0,26.0,0.26
3131,166.0,48.0,0.37
3132,74.0,56.0,0.2
3133,81.0,50.0,0.24
3134,181.0,92.0,0.28
3135,128.0,43.0,0.35
3136,65.0,32.0,0.29
3137,117.0,49.0,0.32
3138,98.0,63.0,0.23
3139,94.0,30.0,0.36
3140,100.0,47.0,0.3
3141,93.0,49.0,0.28
3142,234.0,120.0,0.28
3143,41.0,19.0,0.3
3144,22.0,11.0,0.3
3145,123.0,77.0,0.24
3146,212.0,119.0,0.26
3147,47.0,26.0,0.26
3148,152.0,124.0,0.18
3149,141.0,100.0,0.21
3150,133.0,93.0,0.22
3151,85.0,46.0,0.27
3152,70.0,33.0,0.29
3153,180.0,82.0,0.3
3154,19.0,16.0,0.18
3155,148.0,86.0,0.26
3156,127.0,66.0,0.28
3157,189.0,134.0,0.21
3158,180.0,101.0,0.26
3159,153.0,104.0,0.22
3160,75.0,64.0,0.17
3161,112.0,53.0,0.29
3162,150.0,47.0,0.36
3163,101.0,70.0,0.22
3164,106.0,16.0,0.43
3165,82.0,44.0,0.27
3166,89.0,57.0,0.24
3167,134.0,65.0,0.29
3168,77.0,33.0,0.31
3169,140.0,74.0,0.27
3170,89.0,65.0,0.21
3171,273.0,232.0,0.17
3172,99.0,40.0,0.32
3173,39.0,18.0,0.31
3174,239.0,140.0,0.25
3175,159.0,103.0,0.23
3176,224.0,140.0,0.24
3177,193.0,97.0,0.28
3178,331.0,162.0,0.29
3179,206.0,119.0,0.26
3180,106.0,69.0,0.23
3181,110.0,32.0,0.37
3182,119.0,37.0,0.36
3183,107.0,40.0,0.33
3184,105.0,49.0,0.3
3185,204.0,71.0,0.34
3186,86.0,49.0,0.26
3187,309.0,191.0,0.24
3188,164.0,56.0,0.35
3189,51.0,13.0,0.38
3190,296.0,179.0,0.25
