0,mp-10000
1,mp-10003
2,mp-10010
3,mp-1001011
4,mp-1001023
5,mp-10015
6,mp-1001833
7,mp-1002124
8,mp-1002206
9,mp-10025
10,mp-10026
11,mp-10037
12,mp-10044
13,mp-10046
14,mp-1005
15,mp-10052
16,mp-10054
17,mp-10055
18,mp-10059
19,mp-1006226
20,mp-10063
21,mp-1008274
22,mp-1008557
23,mp-1008610
24,mp-1008632
25,mp-1008785
26,mp-1008920
27,mp-1008922
28,mp-1008929
29,mp-1009083
30,mp-10092
31,mp-1009488
32,mp-101
33,mp-10113
34,mp-1011860
35,mp-10125
36,mp-1012551
37,mp-10133
38,mp-10139
39,mp-10140
40,mp-10154
41,mp-10155
42,mp-10161
43,mp-1017
44,mp-10172
45,mp-10173
46,mp-10180
47,mp-10181
48,mp-10182
49,mp-10183
50,mp-10189
51,mp-1019
52,mp-10196
53,mp-10198
54,mp-102
55,mp-1020
56,mp-10200
57,mp-10208
58,mp-10212
59,mp-1022
60,mp-10228
61,mp-10240
62,mp-10245
63,mp-10259
64,mp-10264
65,mp-10266
66,mp-1027
67,mp-10270
68,mp-10271
69,mp-1028
70,mp-10281
71,mp-1029
72,mp-10293
73,mp-103
74,mp-1030
75,mp-10300
76,mp-10311
77,mp-10322
78,mp-10374
79,mp-10379
80,mp-1038
81,mp-1039
82,mp-10390
83,mp-10394
84,mp-104
85,mp-10402
86,mp-1042
87,mp-10435
88,mp-10437
89,mp-10440
90,mp-10445
91,mp-10446
92,mp-10455
93,mp-10456
94,mp-10457
95,mp-1046
96,mp-10463
97,mp-10469
98,mp-1047
99,mp-10470
100,mp-10521
101,mp-10527
102,mp-10550
103,mp-1057
104,mp-10597
105,mp-10598
106,mp-10601
107,mp-10608
108,mp-10615
109,mp-10616
110,mp-10635
111,mp-10669
112,mp-1067
113,mp-10670
114,mp-10675
115,mp-1069
116,mp-10692
117,mp-10694
118,mp-10695
119,mp-10700
120,mp-10706
121,mp-10711
122,mp-10712
123,mp-10721
124,mp-1073
125,mp-10739
126,mp-10744
127,mp-10746
128,mp-10748
129,mp-10749
130,mp-10755
131,mp-10759
132,mp-1078
133,mp-10797
134,mp-1081
135,mp-1082
136,mp-10846
137,mp-10847
138,mp-10848
139,mp-10849
140,mp-10850
141,mp-1086
142,mp-10873
143,mp-10877
144,mp-10883
145,mp-10884
146,mp-10886
147,mp-10887
148,mp-1089
149,mp-10890
150,mp-10891
151,mp-10892
152,mp-10894
153,mp-10895
154,mp-10901
155,mp-10904
156,mp-10905
157,mp-10909
158,mp-10910
159,mp-10911
160,mp-10918
161,mp-10919
162,mp-10924
163,mp-10969
164,mp-1099
165,mp-10991
166,mp-11
167,mp-11019
168,mp-11022
169,mp-11023
170,mp-11025
171,mp-11029
172,mp-11038
173,mp-1105
174,mp-11073
175,mp-1108
176,mp-1111
177,mp-11113
178,mp-1113
179,mp-1114
180,mp-11175
181,mp-11176
182,mp-11190
183,mp-11191
184,mp-11192
185,mp-11193
186,mp-112
187,mp-1120
188,mp-11202
189,mp-1121
190,mp-11220
191,mp-11227
192,mp-11228
193,mp-1123
194,mp-11230
195,mp-11231
196,mp-11233
197,mp-11237
198,mp-11239
199,mp-1124
200,mp-11248
201,mp-11250
202,mp-11252
203,mp-11256
204,mp-11261
205,mp-11263
206,mp-11269
207,mp-11270
208,mp-11272
209,mp-11275
210,mp-11276
211,mp-11277
212,mp-11278
213,mp-11279
214,mp-1128
215,mp-11280
216,mp-11281
217,mp-11282
218,mp-11283
219,mp-11286
220,mp-11287
221,mp-11288
222,mp-1129
223,mp-11290
224,mp-11293
225,mp-11299
226,mp-113
227,mp-11300
228,mp-11307
229,mp-11313
230,mp-1132
231,mp-11322
232,mp-11327
233,mp-11328
234,mp-11329
235,mp-11334
236,mp-11345
237,mp-1135
238,mp-11350
239,mp-11358
240,mp-11359
241,mp-11361
242,mp-11364
243,mp-1138
244,mp-11385
245,mp-11387
246,mp-11388
247,mp-1139
248,mp-11397
249,mp-11407
250,mp-11411
251,mp-11412
252,mp-11413
253,mp-1143
254,mp-11441
255,mp-11445
256,mp-11449
257,mp-1145
258,mp-11452
259,mp-11453
260,mp-11454
261,mp-11456
262,mp-11460
263,mp-11464
264,mp-11465
265,mp-11470
266,mp-11471
267,mp-11481
268,mp-11482
269,mp-11486
270,mp-11489
271,mp-11490
272,mp-11499
273,mp-11501
274,mp-11504
275,mp-11506
276,mp-11507
277,mp-11512
278,mp-11513
279,mp-11514
280,mp-11517
281,mp-1152
282,mp-11520
283,mp-11521
284,mp-11522
285,mp-1153
286,mp-11531
287,mp-11533
288,mp-11537
289,mp-11541
290,mp-11547
291,mp-11549
292,mp-11550
293,mp-11557
294,mp-1156
295,mp-11560
296,mp-11565
297,mp-11566
298,mp-11567
299,mp-1157
300,mp-11571
301,mp-11572
302,mp-11573
303,mp-11578
304,mp-11580
305,mp-11583
306,mp-1159
307,mp-11621
308,mp-11644
309,mp-1169
310,mp-11693
311,mp-11695
312,mp-11697
313,mp-117
314,mp-11714
315,mp-11718
316,mp-1172
317,mp-11737
318,mp-11738
319,mp-1174
320,mp-11750
321,mp-11754
322,mp-11798
323,mp-1180
324,mp-11806
325,mp-11809
326,mp-11826
327,mp-11834
328,mp-1185
329,mp-11869
330,mp-11870
331,mp-11873
332,mp-11879
333,mp-11883
334,mp-1190
335,mp-11917
336,mp-1194
337,mp-11957
338,mp-11958
339,mp-11959
340,mp-11977
341,mp-11984
342,mp-1201
343,mp-12029
344,mp-12065
345,mp-12070
346,mp-12071
347,mp-12083
348,mp-12086
349,mp-12087
350,mp-12104
351,mp-12107
352,mp-12108
353,mp-12109
354,mp-1211
355,mp-12137
356,mp-1215
357,mp-12177
358,mp-1219
359,mp-122
360,mp-1220
361,mp-1221
362,mp-1222
363,mp-1224
364,mp-12265
365,mp-1229
366,mp-12317
367,mp-1232
368,mp-1235
369,mp-12359
370,mp-12360
371,mp-1239
372,mp-124
373,mp-12403
374,mp-12411
375,mp-12467
376,mp-12480
377,mp-1249
378,mp-1251
379,mp-1252
380,mp-12520
381,mp-12521
382,mp-1253
383,mp-12532
384,mp-12537
385,mp-12546
386,mp-12549
387,mp-12550
388,mp-12557
389,mp-12558
390,mp-12564
391,mp-12565
392,mp-12571
393,mp-12580
394,mp-12585
395,mp-12593
396,mp-12595
397,mp-126
398,mp-1260
399,mp-12608
400,mp-12614
401,mp-12622
402,mp-12635
403,mp-1264
404,mp-12648
405,mp-1265
406,mp-12657
407,mp-12659
408,mp-1266
409,mp-12666
410,mp-12674
411,mp-12675
412,mp-12678
413,mp-12693
414,mp-12696
415,mp-12697
416,mp-12699
417,mp-127
418,mp-12700
419,mp-12716
420,mp-1272
421,mp-12723
422,mp-12724
423,mp-12725
424,mp-12742
425,mp-1275
426,mp-12752
427,mp-12759
428,mp-12760
429,mp-12761
430,mp-12772
431,mp-12773
432,mp-12777
433,mp-12778
434,mp-12779
435,mp-1278
436,mp-1279
437,mp-12798
438,mp-12802
439,mp-12806
440,mp-1281
441,mp-12814
442,mp-1282
443,mp-1285
444,mp-12863
445,mp-129
446,mp-12903
447,mp-12908
448,mp-12927
449,mp-1294
450,mp-12951
451,mp-12952
452,mp-12954
453,mp-12961
454,mp-12962
455,mp-12972
456,mp-1299
457,mp-12990
458,mp-13
459,mp-13010
460,mp-13032
461,mp-13033
462,mp-13071
463,mp-13079
464,mp-13082
465,mp-13089
466,mp-13090
467,mp-13092
468,mp-13095
469,mp-13097
470,mp-131
471,mp-13108
472,mp-13109
473,mp-13119
474,mp-13137
475,mp-13138
476,mp-1314
477,mp-13149
478,mp-1315
479,mp-13154
480,mp-13155
481,mp-13156
482,mp-13160
483,mp-13164
484,mp-1317
485,mp-13171
486,mp-13172
487,mp-132
488,mp-13202
489,mp-13203
490,mp-13208
491,mp-13240
492,mp-1326
493,mp-13270
494,mp-13272
495,mp-13276
496,mp-1331
497,mp-13311
498,mp-13313
499,mp-13314
500,mp-1332
501,mp-13334
502,mp-1334
503,mp-1335
504,mp-1336
505,mp-13363
506,mp-13364
507,mp-13365
508,mp-1339
509,mp-134
510,mp-1342
511,mp-13444
512,mp-13447
513,mp-13450
514,mp-13452
515,mp-13453
516,mp-13456
517,mp-1346
518,mp-13463
519,mp-13472
520,mp-1349
521,mp-13495
522,mp-135
523,mp-13503
524,mp-1352
525,mp-1356
526,mp-1357
527,mp-13572
528,mp-13583
529,mp-1359
530,mp-136
531,mp-1361
532,mp-1364
533,mp-1367
534,mp-13683
535,mp-13686
536,mp-1371
537,mp-13725
538,mp-1373
539,mp-1380
540,mp-13829
541,mp-13853
542,mp-1387
543,mp-139
544,mp-13903
545,mp-13911
546,mp-13920
547,mp-1393
548,mp-13946
549,mp-13947
550,mp-13948
551,mp-1395
552,mp-13962
553,mp-13963
554,mp-13964
555,mp-13983
556,mp-1399
557,mp-13993
558,mp-140
559,mp-1400
560,mp-1401
561,mp-14019
562,mp-14024
563,mp-1404
564,mp-14069
565,mp-14070
566,mp-14088
567,mp-14091
568,mp-14092
569,mp-14099
570,mp-14112
571,mp-14115
572,mp-14116
573,mp-1412
574,mp-14142
575,mp-1418
576,mp-142
577,mp-14208
578,mp-1424
579,mp-1425
580,mp-14285
581,mp-1431
582,mp-1432
583,mp-1437
584,mp-1439
585,mp-1444
586,mp-1451
587,mp-1458
588,mp-14587
589,mp-1459
590,mp-146
591,mp-14628
592,mp-1471
593,mp-1472
594,mp-1473
595,mp-1475
596,mp-1476
597,mp-1477
598,mp-1479
599,mp-14793
600,mp-14796
601,mp-14797
602,mp-1482
603,mp-1483
604,mp-1487
605,mp-149
606,mp-1490
607,mp-1491
608,mp-1498
609,mp-14983
610,mp-1500
611,mp-1501
612,mp-1502
613,mp-1509
614,mp-15113
615,mp-1515
616,mp-1521
617,mp-1522
618,mp-1523
619,mp-1526
620,mp-15297
621,mp-153
622,mp-15316
623,mp-15322
624,mp-1539
625,mp-1543
626,mp-1545
627,mp-1550
628,mp-1552
629,mp-1555
630,mp-1557
631,mp-15641
632,mp-15642
633,mp-15643
634,mp-15649
635,mp-1565
636,mp-15659
637,mp-15661
638,mp-15669
639,mp-15686
640,mp-15687
641,mp-1569
642,mp-15695
643,mp-157
644,mp-15722
645,mp-1575
646,mp-15778
647,mp-1578
648,mp-15780
649,mp-15803
650,mp-15805
651,mp-15819
652,mp-1585
653,mp-1589
654,mp-1590
655,mp-1594
656,mp-1595
657,mp-15963
658,mp-15964
659,mp-15965
660,mp-15985
661,mp-15986
662,mp-15987
663,mp-15988
664,mp-160
665,mp-1601
666,mp-16043
667,mp-1606
668,mp-1609
669,mp-1620
670,mp-16236
671,mp-16238
672,mp-1627
673,mp-16290
674,mp-16297
675,mp-1630
676,mp-16304
677,mp-16305
678,mp-16334
679,mp-16336
680,mp-16337
681,mp-16356
682,mp-16363
683,mp-1638
684,mp-1646
685,mp-1648
686,mp-16481
687,mp-16483
688,mp-16488
689,mp-1649
690,mp-16491
691,mp-16493
692,mp-16495
693,mp-16497
694,mp-165
695,mp-16501
696,mp-16514
697,mp-1652
698,mp-16521
699,mp-16522
700,mp-16523
701,mp-16524
702,mp-16526
703,mp-16528
704,mp-16529
705,mp-16548
706,mp-16613
707,mp-1664
708,mp-16648
709,mp-1670
710,mp-16718
711,mp-16719
712,mp-1672
713,mp-16723
714,mp-16733
715,mp-16740
716,mp-16764
717,mp-1677
718,mp-16775
719,mp-1682
720,mp-16828
721,mp-1683
722,mp-16860
723,mp-16886
724,mp-1689
725,mp-1692
726,mp-1695
727,mp-1696
728,mp-16960
729,mp-1700
730,mp-17045
731,mp-1708
732,mp-171
733,mp-1714
734,mp-17177
735,mp-1725
736,mp-173
737,mp-1734
738,mp-17413
739,mp-17481
740,mp-1749
741,mp-17524
742,mp-1755
743,mp-17639
744,mp-17659
745,mp-1769
746,mp-17695
747,mp-1775
748,mp-17783
749,mp-1780
750,mp-1782
751,mp-1783
752,mp-1784
753,mp-17848
754,mp-17856
755,mp-1786
756,mp-17862
757,mp-1791
758,mp-1799
759,mp-1804
760,mp-1808
761,mp-18093
762,mp-18167
763,mp-18198
764,mp-1822
765,mp-1823
766,mp-1825
767,mp-18257
768,mp-18316
769,mp-18337
770,mp-1840
771,mp-1841
772,mp-1842
773,mp-18427
774,mp-18468
775,mp-1851
776,mp-1866
777,mp-1867
778,mp-1868
779,mp-1869
780,mp-18695
781,mp-18707
782,mp-1871
783,mp-18712
784,mp-18717
785,mp-1873
786,mp-18732
787,mp-18759
788,mp-18766
789,mp-18767
790,mp-18773
791,mp-18778
792,mp-188
793,mp-18814
794,mp-1882
795,mp-1883
796,mp-18835
797,mp-18848
798,mp-18849
799,mp-1885
800,mp-18875
801,mp-189
802,mp-1890
803,mp-18918
804,mp-18919
805,mp-18922
806,mp-1894
807,mp-18946
808,mp-18949
809,mp-18965
810,mp-18966
811,mp-18972
812,mp-18988
813,mp-19
814,mp-19009
815,mp-19017
816,mp-19019
817,mp-1903
818,mp-19035
819,mp-19050
820,mp-19069
821,mp-1907
822,mp-19082
823,mp-19086
824,mp-19094
825,mp-19097
826,mp-191
827,mp-19102
828,mp-19128
829,mp-19133
830,mp-19138
831,mp-1914
832,mp-19147
833,mp-1915
834,mp-19163
835,mp-19177
836,mp-1918
837,mp-19183
838,mp-1919
839,mp-19210
840,mp-19219
841,mp-19225
842,mp-19226
843,mp-19241
844,mp-19247
845,mp-1925
846,mp-19284
847,mp-19292
848,mp-193
849,mp-19306
850,mp-19308
851,mp-1932
852,mp-19326
853,mp-19328
854,mp-1934
855,mp-19340
856,mp-1935
857,mp-19359
858,mp-19376
859,mp-19384
860,mp-19387
861,mp-19390
862,mp-19391
863,mp-19399
864,mp-19407
865,mp-1941
866,mp-19420
867,mp-19421
868,mp-19424
869,mp-19435
870,mp-19443
871,mp-19448
872,mp-1949
873,mp-1953
874,mp-196
875,mp-1963
876,mp-1969
877,mp-19713
878,mp-19717
879,mp-19728
880,mp-1973
881,mp-19740
882,mp-19746
883,mp-19765
884,mp-19809
885,mp-19814
886,mp-19817
887,mp-1982
888,mp-19821
889,mp-19835
890,mp-19856
891,mp-1986
892,mp-19870
893,mp-1989
894,mp-19895
895,mp-19906
896,mp-19917
897,mp-1994
898,mp-19940
899,mp-19943
900,mp-19962
901,mp-19963
902,mp-19968
903,mp-19970
904,mp-19983
905,mp-19991
906,mp-2
907,mp-2000
908,mp-20001
909,mp-20004
910,mp-20007
911,mp-20012
912,mp-20027
913,mp-20033
914,mp-20049
915,mp-2006
916,mp-20061
917,mp-20066
918,mp-2008
919,mp-20083
920,mp-20086
921,mp-20112
922,mp-2012
923,mp-20133
924,mp-20144
925,mp-20146
926,mp-20147
927,mp-20155
928,mp-20180
929,mp-20191
930,mp-20192
931,mp-20197
932,mp-20199
933,mp-20202
934,mp-20211
935,mp-20249
936,mp-2025
937,mp-20255
938,mp-20268
939,mp-2027
940,mp-20279
941,mp-2028
942,mp-20296
943,mp-203
944,mp-20305
945,mp-2031
946,mp-20315
947,mp-20318
948,mp-20325
949,mp-20327
950,mp-2033
951,mp-20335
952,mp-20337
953,mp-2034
954,mp-20344
955,mp-20351
956,mp-20354
957,mp-20382
958,mp-2039
959,mp-20395
960,mp-20401
961,mp-20418
962,mp-20424
963,mp-20426
964,mp-20432
965,mp-20436
966,mp-20452
967,mp-20465
968,mp-20466
969,mp-20483
970,mp-20485
971,mp-2049
972,mp-20492
973,mp-20516
974,mp-2053
975,mp-20536
976,mp-20539
977,mp-20541
978,mp-20545
979,mp-20551
980,mp-20557
981,mp-2056
982,mp-20563
983,mp-20565
984,mp-20566
985,mp-20586
986,mp-2059
987,mp-20599
988,mp-20618
989,mp-20619
990,mp-20622
991,mp-20648
992,mp-2065
993,mp-20661
994,mp-20662
995,mp-20674
996,mp-20679
997,mp-20695
998,mp-20698
999,mp-2070
1000,mp-20714
1001,mp-20724
1002,mp-20725
1003,mp-20730
1004,mp-20738
1005,mp-20757
1006,mp-2078
1007,mp-20787
1008,mp-20793
1009,mp-20800
1010,mp-20817
1011,mp-20826
1012,mp-20828
1013,mp-2083
1014,mp-20832
1015,mp-20840
1016,mp-20847
1017,mp-20849
1018,mp-20857
1019,mp-20860
1020,mp-20862
1021,mp-20865
1022,mp-20868
1023,mp-20883
1024,mp-2089
1025,mp-20892
1026,mp-20897
1027,mp-2090
1028,mp-20900
1029,mp-20901
1030,mp-20905
1031,mp-20928
1032,mp-20930
1033,mp-20932
1034,mp-20935
1035,mp-20937
1036,mp-20940
1037,mp-20949
1038,mp-20952
1039,mp-2097
1040,mp-20971
1041,mp-20983
1042,mp-20987
1043,mp-20997
1044,mp-21003
1045,mp-21008
1046,mp-21012
1047,mp-21017
1048,mp-21023
1049,mp-21027
1050,mp-2103
1051,mp-21035
1052,mp-2105
1053,mp-21069
1054,mp-21075
1055,mp-21078
1056,mp-2108
1057,mp-21090
1058,mp-21104
1059,mp-21117
1060,mp-21124
1061,mp-2114
1062,mp-2116
1063,mp-21164
1064,mp-21167
1065,mp-2121
1066,mp-21215
1067,mp-2123
1068,mp-21236
1069,mp-21248
1070,mp-21249
1071,mp-21255
1072,mp-2126
1073,mp-21276
1074,mp-2128
1075,mp-21297
1076,mp-213
1077,mp-21306
1078,mp-21313
1079,mp-21316
1080,mp-21318
1081,mp-21328
1082,mp-2133
1083,mp-21336
1084,mp-21340
1085,mp-21342
1086,mp-21347
1087,mp-21359
1088,mp-2136
1089,mp-21371
1090,mp-21374
1091,mp-21385
1092,mp-214
1093,mp-21418
1094,mp-21422
1095,mp-21440
1096,mp-21447
1097,mp-21449
1098,mp-21464
1099,mp-21467
1100,mp-21469
1101,mp-21471
1102,mp-21476
1103,mp-21495
1104,mp-215
1105,mp-21503
1106,mp-2151
1107,mp-2152
1108,mp-2157
1109,mp-216
1110,mp-2168
1111,mp-2170
1112,mp-2172
1113,mp-2173
1114,mp-2176
1115,mp-21845
1116,mp-21850
1117,mp-21851
1118,mp-21855
1119,mp-2187
1120,mp-21873
1121,mp-21894
1122,mp-219
1123,mp-21907
1124,mp-2199
1125,mp-22003
1126,mp-2201
1127,mp-22027
1128,mp-22033
1129,mp-22036
1130,mp-22040
1131,mp-22050
1132,mp-22060
1133,mp-22095
1134,mp-2210
1135,mp-2211
1136,mp-2212
1137,mp-22120
1138,mp-2213
1139,mp-22144
1140,mp-22150
1141,mp-22151
1142,mp-22152
1143,mp-22154
1144,mp-22156
1145,mp-22167
1146,mp-22179
1147,mp-22191
1148,mp-22204
1149,mp-2221
1150,mp-22227
1151,mp-2225
1152,mp-22253
1153,mp-22258
1154,mp-22260
1155,mp-22262
1156,mp-22268
1157,mp-22270
1158,mp-22275
1159,mp-22284
1160,mp-22287
1161,mp-22302
1162,mp-22304
1163,mp-22309
1164,mp-2231
1165,mp-22315
1166,mp-22318
1167,mp-22320
1168,mp-22325
1169,mp-22344
1170,mp-22346
1171,mp-22390
1172,mp-22396
1173,mp-22414
1174,mp-22426
1175,mp-2243
1176,mp-22434
1177,mp-22444
1178,mp-22447
1179,mp-22461
1180,mp-22469
1181,mp-22478
1182,mp-22489
1183,mp-22493
1184,mp-22498
1185,mp-2250
1186,mp-22508
1187,mp-2251
1188,mp-2252
1189,mp-22522
1190,mp-22535
1191,mp-22546
1192,mp-22565
1193,mp-22566
1194,mp-22568
1195,mp-2258
1196,mp-22598
1197,mp-226
1198,mp-2260
1199,mp-22607
1200,mp-22617
1201,mp-22619
1202,mp-2263
1203,mp-22631
1204,mp-22636
1205,mp-22637
1206,mp-22646
1207,mp-22662
1208,mp-22682
1209,mp-22700
1210,mp-22716
1211,mp-22717
1212,mp-22722
1213,mp-22735
1214,mp-22749
1215,mp-22752
1216,mp-22759
1217,mp-22769
1218,mp-22784
1219,mp-22787
1220,mp-22792
1221,mp-22793
1222,mp-22795
1223,mp-2280
1224,mp-2283
1225,mp-2286
1226,mp-22862
1227,mp-22864
1228,mp-22865
1229,mp-22867
1230,mp-2287
1231,mp-22870
1232,mp-22875
1233,mp-22888
1234,mp-22889
1235,mp-22894
1236,mp-22895
1237,mp-22898
1238,mp-22899
1239,mp-229
1240,mp-22903
1241,mp-22904
1242,mp-22905
1243,mp-22909
1244,mp-22913
1245,mp-22914
1246,mp-22916
1247,mp-22919
1248,mp-22922
1249,mp-22925
1250,mp-22934
1251,mp-2294
1252,mp-22956
1253,mp-22967
1254,mp-22980
1255,mp-22987
1256,mp-22992
1257,mp-23
1258,mp-230
1259,mp-23002
1260,mp-2301
1261,mp-23034
1262,mp-23037
1263,mp-2305
1264,mp-23052
1265,mp-23054
1266,mp-23056
1267,mp-23060
1268,mp-23067
1269,mp-2310
1270,mp-2311
1271,mp-2313
1272,mp-23152
1273,mp-2318
1274,mp-23193
1275,mp-23195
1276,mp-23202
1277,mp-23209
1278,mp-23214
1279,mp-23219
1280,mp-2322
1281,mp-23227
1282,mp-2323
1283,mp-23231
1284,mp-23251
1285,mp-23259
1286,mp-23260
1287,mp-23262
1288,mp-23268
1289,mp-23295
1290,mp-23313
1291,mp-23350
1292,mp-2337
1293,mp-2339
1294,mp-2340
1295,mp-23406
1296,mp-2343
1297,mp-23431
1298,mp-2348
1299,mp-23485
1300,mp-2349
1301,mp-23513
1302,mp-2352
1303,mp-2354
1304,mp-23560
1305,mp-2361
1306,mp-2363
1307,mp-2369
1308,mp-23703
1309,mp-23709
1310,mp-2371
1311,mp-23710
1312,mp-23711
1313,mp-23713
1314,mp-23714
1315,mp-23715
1316,mp-23736
1317,mp-23737
1318,mp-23752
1319,mp-2379
1320,mp-23804
1321,mp-23807
1322,mp-2385
1323,mp-239
1324,mp-2395
1325,mp-23956
1326,mp-2399
1327,mp-2403
1328,mp-2404
1329,mp-2406
1330,mp-24084
1331,mp-24093
1332,mp-241
1333,mp-2410
1334,mp-24154
1335,mp-2420
1336,mp-24237
1337,mp-24286
1338,mp-24289
1339,mp-2430
1340,mp-2432
1341,mp-24409
1342,mp-2444
1343,mp-2449
1344,mp-2451
1345,mp-2454
1346,mp-246
1347,mp-2469
1348,mp-24719
1349,mp-2472
1350,mp-24726
1351,mp-24728
1352,mp-2478
1353,mp-248
1354,mp-2481
1355,mp-2488
1356,mp-249
1357,mp-2490
1358,mp-2500
1359,mp-2501
1360,mp-2513
1361,mp-2515
1362,mp-2516
1363,mp-2517
1364,mp-253
1365,mp-2533
1366,mp-2534
1367,mp-2536
1368,mp-25372
1369,mp-2540
1370,mp-25417
1371,mp-2542
1372,mp-255
1373,mp-2552
1374,mp-2553
1375,mp-2554
1376,mp-2557
1377,mp-2560
1378,mp-2567
1379,mp-2572
1380,mp-2574
1381,mp-2578
1382,mp-258
1383,mp-2580
1384,mp-2582
1385,mp-2583
1386,mp-2588
1387,mp-25886
1388,mp-2589
1389,mp-259
1390,mp-2592
1391,mp-2598
1392,mp-2604
1393,mp-2605
1394,mp-2606
1395,mp-2612
1396,mp-2614
1397,mp-2619
1398,mp-2624
1399,mp-2634
1400,mp-2643
1401,mp-2644
1402,mp-2646
1403,mp-2647
1404,mp-265
1405,mp-2652
1406,mp-2653
1407,mp-2654
1408,mp-2657
1409,mp-2658
1410,mp-2659
1411,mp-266
1412,mp-2663
1413,mp-2667
1414,mp-2670
1415,mp-2672
1416,mp-2674
1417,mp-2676
1418,mp-2677
1419,mp-2682
1420,mp-2685
1421,mp-2691
1422,mp-2695
1423,mp-2696
1424,mp-2697
1425,mp-2698
1426,mp-2700
1427,mp-2701
1428,mp-2705
1429,mp-27138
1430,mp-27148
1431,mp-2715
1432,mp-27164
1433,mp-27207
1434,mp-27226
1435,mp-2723
1436,mp-27243
1437,mp-27255
1438,mp-27275
1439,mp-2730
1440,mp-2731
1441,mp-2733
1442,mp-27335
1443,mp-27393
1444,mp-274
1445,mp-2741
1446,mp-2743
1447,mp-2744
1448,mp-27456
1449,mp-27471
1450,mp-2749
1451,mp-27505
1452,mp-2752
1453,mp-27577
1454,mp-2758
1455,mp-2760
1456,mp-27606
1457,mp-2762
1458,mp-27660
1459,mp-2767
1460,mp-27677
1461,mp-27678
1462,mp-27691
1463,mp-2772
1464,mp-27726
1465,mp-2773
1466,mp-27731
1467,mp-27743
1468,mp-27747
1469,mp-2775
1470,mp-27757
1471,mp-2780
1472,mp-2781
1473,mp-27827
1474,mp-27828
1475,mp-2783
1476,mp-27831
1477,mp-27834
1478,mp-27838
1479,mp-27839
1480,mp-27848
1481,mp-27888
1482,mp-27891
1483,mp-27919
1484,mp-27932
1485,mp-2794
1486,mp-2795
1487,mp-2797
1488,mp-2802
1489,mp-28020
1490,mp-28024
1491,mp-2807
1492,mp-2809
1493,mp-28110
1494,mp-28145
1495,mp-28163
1496,mp-28230
1497,mp-2824
1498,mp-28266
1499,mp-2827
1500,mp-28270
1501,mp-2828
1502,mp-2831
1503,mp-28319
1504,mp-28339
1505,mp-28376
1506,mp-284
1507,mp-2845
1508,mp-2851
1509,mp-2856
1510,mp-2857
1511,mp-2858
1512,mp-28711
1513,mp-28782
1514,mp-2879
1515,mp-288
1516,mp-28895
1517,mp-28896
1518,mp-28897
1519,mp-2894
1520,mp-28945
1521,mp-2895
1522,mp-28980
1523,mp-29009
1524,mp-29011
1525,mp-29066
1526,mp-29069
1527,mp-29076
1528,mp-291
1529,mp-2910
1530,mp-29111
1531,mp-29135
1532,mp-29145
1533,mp-29152
1534,mp-29153
1535,mp-29154
1536,mp-29157
1537,mp-2918
1538,mp-292
1539,mp-29208
1540,mp-29209
1541,mp-2930
1542,mp-2931
1543,mp-2932
1544,mp-29352
1545,mp-29362
1546,mp-29398
1547,mp-29403
1548,mp-29481
1549,mp-2949
1550,mp-2955
1551,mp-29556
1552,mp-29638
1553,mp-29641
1554,mp-29646
1555,mp-29661
1556,mp-29674
1557,mp-29678
1558,mp-29733
1559,mp-29736
1560,mp-29748
1561,mp-29752
1562,mp-29889
1563,mp-29896
1564,mp-29898
1565,mp-29973
1566,mp-2998
1567,mp-30
1568,mp-30062
1569,mp-30147
1570,mp-30151
1571,mp-30156
1572,mp-30175
1573,mp-30177
1574,mp-30180
1575,mp-3020
1576,mp-30208
1577,mp-30227
1578,mp-30234
1579,mp-30242
1580,mp-30244
1581,mp-30245
1582,mp-30247
1583,mp-30312
1584,mp-30338
1585,mp-3034
1586,mp-30353
1587,mp-30354
1588,mp-30357
1589,mp-30363
1590,mp-30365
1591,mp-30366
1592,mp-3038
1593,mp-30383
1594,mp-30404
1595,mp-30405
1596,mp-30408
1597,mp-30410
1598,mp-30423
1599,mp-30428
1600,mp-30435
1601,mp-30437
1602,mp-30438
1603,mp-30441
1604,mp-30443
1605,mp-30449
1606,mp-30451
1607,mp-30459
1608,mp-30460
1609,mp-30461
1610,mp-30472
1611,mp-30477
1612,mp-30481
1613,mp-30483
1614,mp-30485
1615,mp-30488
1616,mp-30490
1617,mp-30491
1618,mp-30493
1619,mp-30494
1620,mp-305
1621,mp-30501
1622,mp-30533
1623,mp-30536
1624,mp-3054
1625,mp-30555
1626,mp-30562
1627,mp-30563
1628,mp-30570
1629,mp-30572
1630,mp-30581
1631,mp-30591
1632,mp-30593
1633,mp-30594
1634,mp-30595
1635,mp-30599
1636,mp-306
1637,mp-30603
1638,mp-30648
1639,mp-30656
1640,mp-30671
1641,mp-30672
1642,mp-30682
1643,mp-30683
1644,mp-30684
1645,mp-30685
1646,mp-30686
1647,mp-30719
1648,mp-30722
1649,mp-30725
1650,mp-30726
1651,mp-30727
1652,mp-30737
1653,mp-30739
1654,mp-30744
1655,mp-30746
1656,mp-30764
1657,mp-30767
1658,mp-30768
1659,mp-30769
1660,mp-30777
1661,mp-30778
1662,mp-30780
1663,mp-30784
1664,mp-30787
1665,mp-30788
1666,mp-30798
1667,mp-30807
1668,mp-30811
1669,mp-30816
1670,mp-30817
1671,mp-30818
1672,mp-30819
1673,mp-30820
1674,mp-30821
1675,mp-30835
1676,mp-30836
1677,mp-30840
1678,mp-30842
1679,mp-30846
1680,mp-30847
1681,mp-30849
1682,mp-30850
1683,mp-30851
1684,mp-30852
1685,mp-30856
1686,mp-30858
1687,mp-30866
1688,mp-30867
1689,mp-30871
1690,mp-30875
1691,mp-30876
1692,mp-30882
1693,mp-30883
1694,mp-30884
1695,mp-30885
1696,mp-30886
1697,mp-3094
1698,mp-3098
1699,mp-31011
1700,mp-3104
1701,mp-31055
1702,mp-31059
1703,mp-31080
1704,mp-31081
1705,mp-31138
1706,mp-31147
1707,mp-31153
1708,mp-31160
1709,mp-31172
1710,mp-31185
1711,mp-31187
1712,mp-31212
1713,mp-31219
1714,mp-31277
1715,mp-31297
1716,mp-313
1717,mp-31301
1718,mp-31326
1719,mp-31337
1720,mp-31348
1721,mp-3136
1722,mp-31379
1723,mp-3138
1724,mp-31383
1725,mp-31438
1726,mp-31451
1727,mp-31452
1728,mp-31453
1729,mp-31454
1730,mp-31455
1731,mp-31456
1732,mp-31457
1733,mp-31458
1734,mp-31459
1735,mp-31460
1736,mp-31469
1737,mp-31496
1738,mp-31498
1739,mp-315
1740,mp-31502
1741,mp-31510
1742,mp-31516
1743,mp-3155
1744,mp-3158
1745,mp-3159
1746,mp-316
1747,mp-3161
1748,mp-3163
1749,mp-317
1750,mp-3173
1751,mp-32
1752,mp-3210
1753,mp-3216
1754,mp-32311
1755,mp-32662
1756,mp-32669
1757,mp-32679
1758,mp-3271
1759,mp-3274
1760,mp-328
1761,mp-32880
1762,mp-32994
1763,mp-33
1764,mp-33009
1765,mp-331
1766,mp-33107
1767,mp-3315
1768,mp-3323
1769,mp-333
1770,mp-3340
1771,mp-3349
1772,mp-3378
1773,mp-3390
1774,mp-3397
1775,mp-341
1776,mp-34202
1777,mp-3427
1778,mp-3432
1779,mp-3441
1780,mp-3448
1781,mp-3464
1782,mp-3469
1783,mp-351
1784,mp-35143
1785,mp-3519
1786,mp-352
1787,mp-3522
1788,mp-3534
1789,mp-3536
1790,mp-35539
1791,mp-3567
1792,mp-3574
1793,mp-3576
1794,mp-35785
1795,mp-3582
1796,mp-3595
1797,mp-361
1798,mp-36111
1799,mp-3618
1800,mp-362
1801,mp-3623
1802,mp-363
1803,mp-3635
1804,mp-364
1805,mp-3642
1806,mp-3654
1807,mp-3657
1808,mp-3666
1809,mp-3668
1810,mp-3676
1811,mp-3677
1812,mp-3679
1813,mp-3698
1814,mp-3700
1815,mp-3701
1816,mp-3702
1817,mp-37091
1818,mp-372
1819,mp-3721
1820,mp-3731
1821,mp-3732
1822,mp-374
1823,mp-3747
1824,mp-37473
1825,mp-3748
1826,mp-3759
1827,mp-37614
1828,mp-3762
1829,mp-37620
1830,mp-3771
1831,mp-37906
1832,mp-3791
1833,mp-3792
1834,mp-380
1835,mp-3803
1836,mp-38035
1837,mp-3805
1838,mp-381
1839,mp-3813
1840,mp-3821
1841,mp-3833
1842,mp-3834
1843,mp-38394
1844,mp-384
1845,mp-3854
1846,mp-3862
1847,mp-3871
1848,mp-38818
1849,mp-3886
1850,mp-389
1851,mp-3896
1852,mp-38970
1853,mp-390
1854,mp-3909
1855,mp-3924
1856,mp-3938
1857,mp-3953
1858,mp-3955
1859,mp-3970
1860,mp-3988
1861,mp-399
1862,mp-4002
1863,mp-4019
1864,mp-4043
1865,mp-406
1866,mp-4064
1867,mp-4076
1868,mp-4079
1869,mp-408
1870,mp-4081
1871,mp-4083
1872,mp-4120
1873,mp-4124
1874,mp-4131
1875,mp-4152
1876,mp-416
1877,mp-4163
1878,mp-417
1879,mp-4182
1880,mp-4192
1881,mp-42
1882,mp-4200
1883,mp-423
1884,mp-4230
1885,mp-4236
1886,mp-4247
1887,mp-4248
1888,mp-4252
1889,mp-4253
1890,mp-4255
1891,mp-4259
1892,mp-4262
1893,mp-427
1894,mp-4280
1895,mp-429
1896,mp-432
1897,mp-4342
1898,mp-4359
1899,mp-4366
1900,mp-4368
1901,mp-437
1902,mp-4385
1903,mp-443
1904,mp-4441
1905,mp-4448
1906,mp-446
1907,mp-4471
1908,mp-4472
1909,mp-4478
1910,mp-448
1911,mp-4492
1912,mp-4499
1913,mp-45
1914,mp-4500
1915,mp-452
1916,mp-4524
1917,mp-4541
1918,mp-4551
1919,mp-4559
1920,mp-4563
1921,mp-4573
1922,mp-458
1923,mp-4593
1924,mp-46
1925,mp-4612
1926,mp-4613
1927,mp-4627
1928,mp-4628
1929,mp-463
1930,mp-4630
1931,mp-4636
1932,mp-4651
1933,mp-4653
1934,mp-4656
1935,mp-4661
1936,mp-4666
1937,mp-4673
1938,mp-4678
1939,mp-468
1940,mp-4697
1941,mp-4720
1942,mp-4728
1943,mp-4730
1944,mp-4744
1945,mp-4753
1946,mp-4756
1947,mp-4771
1948,mp-4779
1949,mp-4798
1950,mp-481
1951,mp-4820
1952,mp-4822
1953,mp-4823
1954,mp-4824
1955,mp-4826
1956,mp-4842
1957,mp-4846
1958,mp-485
1959,mp-4852
1960,mp-486
1961,mp-4864
1962,mp-487
1963,mp-4876
1964,mp-4878
1965,mp-488
1966,mp-4883
1967,mp-4893
1968,mp-4897
1969,mp-49
1970,mp-4901
1971,mp-4909
1972,mp-492
1973,mp-493
1974,mp-4938
1975,mp-4955
1976,mp-4964
1977,mp-4978
1978,mp-4979
1979,mp-4989
1980,mp-4992
1981,mp-4997
1982,mp-50
1983,mp-501
1984,mp-5014
1985,mp-5019
1986,mp-5020
1987,mp-5025
1988,mp-504
1989,mp-5042
1990,mp-504580
1991,mp-5046
1992,mp-504659
1993,mp-504711
1994,mp-504741
1995,mp-504908
1996,mp-505071
1997,mp-505110
1998,mp-505206
1999,mp-505215
2000,mp-505297
2001,mp-505517
2002,mp-505527
2003,mp-505540
2004,mp-505554
2005,mp-505562
2006,mp-505803
2007,mp-505820
2008,mp-505822
2009,mp-505824
2010,mp-505825
2011,mp-507
2012,mp-5077
2013,mp-5078
2014,mp-510219
2015,mp-510281
2016,mp-510311
2017,mp-510346
2018,mp-510347
2019,mp-510409
2020,mp-510412
2021,mp-510437
2022,mp-510441
2023,mp-510623
2024,mp-510624
2025,mp-510691
2026,mp-5129
2027,mp-5137
2028,mp-514
2029,mp-5149
2030,mp-5166
2031,mp-517
2032,mp-5186
2033,mp-5193
2034,mp-5213
2035,mp-522
2036,mp-5221
2037,mp-5244
2038,mp-5259
2039,mp-5288
2040,mp-5292
2041,mp-530399
2042,mp-5305
2043,mp-5318
2044,mp-5348
2045,mp-535
2046,mp-5396
2047,mp-54
2048,mp-540
2049,mp-540111
2050,mp-540231
2051,mp-540284
2052,mp-5407
2053,mp-540791
2054,mp-540839
2055,mp-540925
2056,mp-540957
2057,mp-541
2058,mp-541014
2059,mp-541037
2060,mp-5414
2061,mp-541487
2062,mp-541753
2063,mp-541837
2064,mp-542136
2065,mp-542429
2066,mp-542488
2067,mp-542569
2068,mp-542640
2069,mp-542812
2070,mp-542854
2071,mp-542915
2072,mp-543001
2073,mp-544
2074,mp-5443
2075,mp-5456
2076,mp-545974
2077,mp-546011
2078,mp-546125
2079,mp-546279
2080,mp-5473
2081,mp-5475
2082,mp-5479
2083,mp-548
2084,mp-5486
2085,mp-549
2086,mp-549158
2087,mp-549706
2088,mp-550
2089,mp-550306
2090,mp-550893
2091,mp-550908
2092,mp-551918
2093,mp-552454
2094,mp-552588
2095,mp-5529
2096,mp-5532
2097,mp-553243
2098,mp-553303
2099,mp-553432
2100,mp-5538
2101,mp-553875
2102,mp-553946
2103,mp-553961
2104,mp-554089
2105,mp-5541
2106,mp-554107
2107,mp-554278
2108,mp-554405
2109,mp-554573
2110,mp-554601
2111,mp-5549
2112,mp-554973
2113,mp-555280
2114,mp-555370
2115,mp-555599
2116,mp-555934
2117,mp-556
2118,mp-556125
2119,mp-556194
2120,mp-556417
2121,mp-556424
2122,mp-556548
2123,mp-556605
2124,mp-556911
2125,mp-556927
2126,mp-557257
2127,mp-557373
2128,mp-557686
2129,mp-557862
2130,mp-557938
2131,mp-557993
2132,mp-558432
2133,mp-558781
2134,mp-558852
2135,mp-559
2136,mp-5590
2137,mp-559092
2138,mp-559435
2139,mp-559598
2140,mp-559676
2141,mp-5597
2142,mp-559798
2143,mp-559976
2144,mp-560588
2145,mp-5606
2146,mp-560865
2147,mp-560902
2148,mp-560976
2149,mp-561317
2150,mp-561511
2151,mp-562
2152,mp-5621
2153,mp-564
2154,mp-565
2155,mp-5652
2156,mp-5659
2157,mp-566278
2158,mp-5670
2159,mp-567164
2160,mp-567191
2161,mp-567197
2162,mp-567220
2163,mp-567276
2164,mp-567313
2165,mp-567345
2166,mp-567395
2167,mp-567397
2168,mp-567412
2169,mp-567462
2170,mp-567510
2171,mp-5676
2172,mp-567612
2173,mp-567618
2174,mp-567629
2175,mp-567636
2176,mp-567652
2177,mp-567666
2178,mp-567681
2179,mp-567705
2180,mp-567713
2181,mp-567749
2182,mp-567750
2183,mp-567769
2184,mp-567841
2185,mp-567842
2186,mp-567871
2187,mp-567889
2188,mp-567907
2189,mp-567929
2190,mp-567981
2191,mp-567982
2192,mp-567996
2193,mp-568
2194,mp-568014
2195,mp-568077
2196,mp-568106
2197,mp-568121
2198,mp-568186
2199,mp-568284
2200,mp-568293
2201,mp-568328
2202,mp-568346
2203,mp-568419
2204,mp-568495
2205,mp-568560
2206,mp-568565
2207,mp-568598
2208,mp-568607
2209,mp-568636
2210,mp-568661
2211,mp-568671
2212,mp-568673
2213,mp-568695
2214,mp-568711
2215,mp-568718
2216,mp-568746
2217,mp-568792
2218,mp-568803
2219,mp-568809
2220,mp-568827
2221,mp-568865
2222,mp-568901
2223,mp-568912
2224,mp-568914
2225,mp-568920
2226,mp-568961
2227,mp-568974
2228,mp-569018
2229,mp-569066
2230,mp-569073
2231,mp-569125
2232,mp-569151
2233,mp-569167
2234,mp-569196
2235,mp-569249
2236,mp-569250
2237,mp-569265
2238,mp-569298
2239,mp-5693
2240,mp-569331
2241,mp-569346
2242,mp-569364
2243,mp-569426
2244,mp-569446
2245,mp-569458
2246,mp-569511
2247,mp-569522
2248,mp-569558
2249,mp-569568
2250,mp-569581
2251,mp-569624
2252,mp-569628
2253,mp-569639
2254,mp-569662
2255,mp-569671
2256,mp-569775
2257,mp-569779
2258,mp-569785
2259,mp-569788
2260,mp-569794
2261,mp-569803
2262,mp-569815
2263,mp-569833
2264,mp-569834
2265,mp-569837
2266,mp-569849
2267,mp-569875
2268,mp-569886
2269,mp-5699
2270,mp-569989
2271,mp-570001
2272,mp-570074
2273,mp-570081
2274,mp-570097
2275,mp-570112
2276,mp-570150
2277,mp-570196
2278,mp-570197
2279,mp-570198
2280,mp-570199
2281,mp-570213
2282,mp-570256
2283,mp-570276
2284,mp-570287
2285,mp-570377
2286,mp-570428
2287,mp-570430
2288,mp-570436
2289,mp-570452
2290,mp-570483
2291,mp-570485
2292,mp-570491
2293,mp-570553
2294,mp-570557
2295,mp-570578
2296,mp-570632
2297,mp-570670
2298,mp-570673
2299,mp-570677
2300,mp-570684
2301,mp-570689
2302,mp-570691
2303,mp-570698
2304,mp-570713
2305,mp-570744
2306,mp-570751
2307,mp-570784
2308,mp-570832
2309,mp-570896
2310,mp-570904
2311,mp-570923
2312,mp-570930
2313,mp-570935
2314,mp-570963
2315,mp-571
2316,mp-571033
2317,mp-571039
2318,mp-571053
2319,mp-571059
2320,mp-571126
2321,mp-571160
2322,mp-571163
2323,mp-571193
2324,mp-571222
2325,mp-571247
2326,mp-571262
2327,mp-571263
2328,mp-571264
2329,mp-571270
2330,mp-571367
2331,mp-571420
2332,mp-571458
2333,mp-571499
2334,mp-571513
2335,mp-571555
2336,mp-571594
2337,mp-571599
2338,mp-571619
2339,mp-571622
2340,mp-571636
2341,mp-571651
2342,mp-5723
2343,mp-573697
2344,mp-574
2345,mp-5748
2346,mp-5777
2347,mp-5778
2348,mp-5782
2349,mp-5795
2350,mp-580234
2351,mp-580287
2352,mp-580357
2353,mp-580886
2354,mp-581733
2355,mp-581786
2356,mp-582360
2357,mp-5827
2358,mp-583
2359,mp-5839
2360,mp-585
2361,mp-5869
2362,mp-5878
2363,mp-590
2364,mp-5910
2365,mp-5918
2366,mp-592
2367,mp-5920
2368,mp-5928
2369,mp-5929
2370,mp-593
2371,mp-5933
2372,mp-5938
2373,mp-5962
2374,mp-5967
2375,mp-597
2376,mp-5971
2377,mp-5986
2378,mp-600124
2379,mp-600428
2380,mp-601285
2381,mp-601820
2382,mp-601848
2383,mp-603
2384,mp-604908
2385,mp-605034
2386,mp-605663
2387,mp-606949
2388,mp-607111
2389,mp-607475
2390,mp-610972
2391,mp-614603
2392,mp-615
2393,mp-615314
2394,mp-616378
2395,mp-616559
2396,mp-618991
2397,mp-620571
2398,mp-622209
2399,mp-622497
2400,mp-622570
2401,mp-625
2402,mp-625055
2403,mp-625136
2404,mp-625487
2405,mp-626680
2406,mp-628
2407,mp-628606
2408,mp-631
2409,mp-635
2410,mp-636328
2411,mp-636334
2412,mp-637614
2413,mp-638
2414,mp-639789
2415,mp-639874
2416,mp-639910
2417,mp-640041
2418,mp-641526
2419,mp-642644
2420,mp-642659
2421,mp-643002
2422,mp-643009
2423,mp-643063
2424,mp-643101
2425,mp-643243
2426,mp-643257
2427,mp-643260
2428,mp-643279
2429,mp-643367
2430,mp-643370
2431,mp-643409
2432,mp-644225
2433,mp-644264
2434,mp-644278
2435,mp-644280
2436,mp-644481
2437,mp-645159
2438,mp-646824
2439,mp-647
2440,mp-648
2441,mp-649774
2442,mp-650
2443,mp-656887
2444,mp-6606
2445,mp-661
2446,mp-662
2447,mp-6668
2448,mp-669546
2449,mp-669692
2450,mp-669918
2451,mp-67
2452,mp-670
2453,mp-672
2454,mp-672254
2455,mp-672287
2456,mp-672299
2457,mp-672340
2458,mp-672371
2459,mp-672645
2460,mp-674478
2461,mp-675
2462,mp-675120
2463,mp-675324
2464,mp-675748
2465,mp-675766
2466,mp-676
2467,mp-676058
2468,mp-676512
2469,mp-676586
2470,mp-676828
2471,mp-680677
2472,mp-6812
2473,mp-682
2474,mp-684580
2475,mp-684668
2476,mp-684709
2477,mp-685097
2478,mp-685194
2479,mp-689940
2480,mp-690490
2481,mp-690760
2482,mp-690785
2483,mp-6908
2484,mp-691
2485,mp-6914
2486,mp-6915
2487,mp-6919
2488,mp-6926
2489,mp-6931
2490,mp-6938
2491,mp-695
2492,mp-6959
2493,mp-696
2494,mp-6962
2495,mp-6963
2496,mp-696497
2497,mp-6969
2498,mp-697030
2499,mp-697096
2500,mp-697111
2501,mp-697179
2502,mp-6972
2503,mp-6980
2504,mp-6985
2505,mp-6988
2506,mp-6997
2507,mp-700
2508,mp-7000
2509,mp-7002
2510,mp-7006
2511,mp-7017
2512,mp-7032
2513,mp-703260
2514,mp-7038
2515,mp-704645
2516,mp-7048
2517,mp-7066
2518,mp-7068
2519,mp-7070
2520,mp-7080
2521,mp-7088
2522,mp-7089
2523,mp-7090
2524,mp-7092
2525,mp-712
2526,mp-7140
2527,mp-715
2528,mp-715553
2529,mp-7173
2530,mp-718
2531,mp-7187
2532,mp-7188
2533,mp-7189
2534,mp-7192
2535,mp-7226
2536,mp-7250
2537,mp-728
2538,mp-7285
2539,mp-729
2540,mp-730
2541,mp-731
2542,mp-733
2543,mp-7339
2544,mp-7343
2545,mp-7350
2546,mp-7352
2547,mp-736
2548,mp-7364
2549,mp-7375
2550,mp-7376
2551,mp-7377
2552,mp-738
2553,mp-739
2554,mp-7400
2555,mp-742
2556,mp-7421
2557,mp-7422
2558,mp-7424
2559,mp-7426
2560,mp-7427
2561,mp-7429
2562,mp-7430
2563,mp-7431
2564,mp-7432
2565,mp-7433
2566,mp-7434
2567,mp-7435
2568,mp-7436
2569,mp-7437
2570,mp-7438
2571,mp-7443
2572,mp-7473
2573,mp-7482
2574,mp-7483
2575,mp-7486
2576,mp-75
2577,mp-7506
2578,mp-752398
2579,mp-7524
2580,mp-752463
2581,mp-752496
2582,mp-752947
2583,mp-753
2584,mp-753059
2585,mp-753098
2586,mp-753197
2587,mp-753257
2588,mp-753490
2589,mp-753508
2590,mp-753605
2591,mp-753657
2592,mp-753708
2593,mp-753722
2594,mp-753826
2595,mp-753848
2596,mp-753890
2597,mp-753946
2598,mp-754008
2599,mp-754126
2600,mp-754134
2601,mp-754157
2602,mp-754213
2603,mp-754238
2604,mp-754246
2605,mp-754311
2606,mp-754322
2607,mp-754333
2608,mp-754344
2609,mp-754358
2610,mp-754363
2611,mp-754364
2612,mp-754375
2613,mp-7544
2614,mp-754403
2615,mp-754455
2616,mp-754478
2617,mp-754515
2618,mp-754516
2619,mp-754538
2620,mp-754553
2621,mp-754567
2622,mp-754588
2623,mp-754624
2624,mp-754628
2625,mp-754629
2626,mp-754671
2627,mp-754672
2628,mp-754701
2629,mp-754727
2630,mp-754741
2631,mp-754826
2632,mp-754850
2633,mp-755
2634,mp-755000
2635,mp-755071
2636,mp-755089
2637,mp-755115
2638,mp-755264
2639,mp-755300
2640,mp-755302
2641,mp-755309
2642,mp-755313
2643,mp-755318
2644,mp-755328
2645,mp-755378
2646,mp-755453
2647,mp-755483
2648,mp-755570
2649,mp-755690
2650,mp-7557
2651,mp-755759
2652,mp-755769
2653,mp-755875
2654,mp-756018
2655,mp-756134
2656,mp-756214
2657,mp-756361
2658,mp-756436
2659,mp-7565
2660,mp-757100
2661,mp-7574
2662,mp-7575
2663,mp-7576
2664,mp-7577
2665,mp-758052
2666,mp-758104
2667,mp-7582
2668,mp-7583
2669,mp-758594
2670,mp-7589
2671,mp-7591
2672,mp-7596
2673,mp-759877
2674,mp-76
2675,mp-760
2676,mp-7603
2677,mp-760375
2678,mp-760376
2679,mp-760381
2680,mp-760396
2681,mp-7604
2682,mp-760410
2683,mp-760439
2684,mp-761293
2685,mp-761315
2686,mp-761341
2687,mp-761390
2688,mp-761415
2689,mp-761524
2690,mp-761556
2691,mp-761563
2692,mp-761574
2693,mp-761842
2694,mp-7623
2695,mp-763
2696,mp-7631
2697,mp-7632
2698,mp-763353
2699,mp-764648
2700,mp-764949
2701,mp-7650
2702,mp-765508
2703,mp-766
2704,mp-766486
2705,mp-768305
2706,mp-769096
2707,mp-7692
2708,mp-769365
2709,mp-7704
2710,mp-770618
2711,mp-7707
2712,mp-770997
2713,mp-771
2714,mp-772856
2715,mp-773864
2716,mp-774
2717,mp-774411
2718,mp-774712
2719,mp-774736
2720,mp-7748
2721,mp-774922
2722,mp-775001
2723,mp-775296
2724,mp-7753
2725,mp-775808
2726,mp-775909
2727,mp-775935
2728,mp-776083
2729,mp-776250
2730,mp-776331
2731,mp-776532
2732,mp-776911
2733,mp-7770
2734,mp-7771
2735,mp-777479
2736,mp-778
2737,mp-7781
2738,mp-7786
2739,mp-7787
2740,mp-7790
2741,mp-779517
2742,mp-779545
2743,mp-779689
2744,mp-780260
2745,mp-7804
2746,mp-782
2747,mp-7822
2748,mp-7823
2749,mp-7829
2750,mp-7832
2751,mp-783905
2752,mp-784630
2753,mp-784631
2754,mp-7851
2755,mp-7857
2756,mp-786
2757,mp-7863
2758,mp-7875
2759,mp-7876
2760,mp-788
2761,mp-7891
2762,mp-79
2763,mp-7904
2764,mp-7906
2765,mp-7907
2766,mp-7908
2767,mp-7909
2768,mp-7910
2769,mp-7914
2770,mp-7916
2771,mp-7917
2772,mp-7918
2773,mp-7930
2774,mp-7931
2775,mp-7936
2776,mp-7937
2777,mp-7938
2778,mp-7939
2779,mp-7940
2780,mp-7948
2781,mp-795
2782,mp-7955
2783,mp-796
2784,mp-7979
2785,mp-8
2786,mp-8001
2787,mp-801
2788,mp-8016
2789,mp-8017
2790,mp-8039
2791,mp-8041
2792,mp-8042
2793,mp-8044
2794,mp-8053
2795,mp-8062
2796,mp-8093
2797,mp-8094
2798,mp-81
2799,mp-810
2800,mp-811
2801,mp-8110
2802,mp-8126
2803,mp-813
2804,mp-8145
2805,mp-815
2806,mp-8150
2807,mp-8159
2808,mp-818
2809,mp-8182
2810,mp-8188
2811,mp-819
2812,mp-8192
2813,mp-82
2814,mp-820
2815,mp-8200
2816,mp-8219
2817,mp-8221
2818,mp-823
2819,mp-8231
2820,mp-8236
2821,mp-8237
2822,mp-825
2823,mp-8256
2824,mp-8276
2825,mp-8277
2826,mp-8278
2827,mp-8279
2828,mp-8280
2829,mp-8281
2830,mp-8282
2831,mp-8285
2832,mp-829
2833,mp-830
2834,mp-833
2835,mp-8335
2836,mp-8352
2837,mp-8372
2838,mp-839
2839,mp-84
2840,mp-8401
2841,mp-8402
2842,mp-8409
2843,mp-841
2844,mp-8414
2845,mp-8418
2846,mp-842
2847,mp-8426
2848,mp-8432
2849,mp-8439
2850,mp-844
2851,mp-8446
2852,mp-8456
2853,mp-8458
2854,mp-846
2855,mp-8462
2856,mp-8484
2857,mp-8487
2858,mp-85
2859,mp-850
2860,mp-850062
2861,mp-850251
2862,mp-850978
2863,mp-856
2864,mp-8566
2865,mp-8577
2866,mp-8578
2867,mp-8601
2868,mp-8605
2869,mp-8606
2870,mp-861738
2871,mp-861979
2872,mp-862
2873,mp-862260
2874,mp-862316
2875,mp-862318
2876,mp-862334
2877,mp-862336
2878,mp-862360
2879,mp-8624
2880,mp-862586
2881,mp-862631
2882,mp-862657
2883,mp-862658
2884,mp-862664
2885,mp-862669
2886,mp-862679
2887,mp-862779
2888,mp-8628
2889,mp-862868
2890,mp-862871
2891,mp-8630
2892,mp-863744
2893,mp-8640
2894,mp-8642
2895,mp-864631
2896,mp-864639
2897,mp-864670
2898,mp-864794
2899,mp-864798
2900,mp-8648
2901,mp-864889
2902,mp-864920
2903,mp-864921
2904,mp-864940
2905,mp-864951
2906,mp-864952
2907,mp-864953
2908,mp-864954
2909,mp-864955
2910,mp-864957
2911,mp-864969
2912,mp-864972
2913,mp-865
2914,mp-865014
2915,mp-865026
2916,mp-865050
2917,mp-865051
2918,mp-865130
2919,mp-865146
2920,mp-865147
2921,mp-865152
2922,mp-865191
2923,mp-865193
2924,mp-865212
2925,mp-865229
2926,mp-865441
2927,mp-865444
2928,mp-865520
2929,mp-865523
2930,mp-865525
2931,mp-865527
2932,mp-865531
2933,mp-865586
2934,mp-865594
2935,mp-865604
2936,mp-865665
2937,mp-865733
2938,mp-865798
2939,mp-865840
2940,mp-865842
2941,mp-865939
2942,mp-865985
2943,mp-865986
2944,mp-865989
2945,mp-866046
2946,mp-866115
2947,mp-866132
2948,mp-866152
2949,mp-866155
2950,mp-866161
2951,mp-866165
2952,mp-866169
2953,mp-866171
2954,mp-866224
2955,mp-866291
2956,mp-866311
2957,mp-867133
2958,mp-867137
2959,mp-867144
2960,mp-867222
2961,mp-867266
2962,mp-867281
2963,mp-867300
2964,mp-867306
2965,mp-867319
2966,mp-867351
2967,mp-867689
2968,mp-867700
2969,mp-867840
2970,mp-867917
2971,mp-8689
2972,mp-869
2973,mp-8697
2974,mp-87
2975,mp-871
2976,mp-873
2977,mp-875
2978,mp-8780
2979,mp-8786
2980,mp-8790
2981,mp-8800
2982,mp-8818
2983,mp-8830
2984,mp-8842
2985,mp-8843
2986,mp-886
2987,mp-8861
2988,mp-8864
2989,mp-8880
2990,mp-8881
2991,mp-8882
2992,mp-8883
2993,mp-8884
2994,mp-889
2995,mp-891
2996,mp-8911
2997,mp-892
2998,mp-893
2999,mp-8937
3000,mp-8938
3001,mp-8939
3002,mp-894
3003,mp-8978
3004,mp-8982
3005,mp-8983
3006,mp-8994
3007,mp-8995
3008,mp-8996
3009,mp-90
3010,mp-902
3011,mp-9023
3012,mp-9025
3013,mp-9027
3014,mp-9029
3015,mp-903
3016,mp-9060
3017,mp-9061
3018,mp-91
3019,mp-910
3020,mp-9124
3021,mp-915
3022,mp-9158
3023,mp-9166
3024,mp-917
3025,mp-9172
3026,mp-9173
3027,mp-9177
3028,mp-9198
3029,mp-921
3030,mp-922
3031,mp-9223
3032,mp-9225
3033,mp-9244
3034,mp-9251
3035,mp-9262
3036,mp-927
3037,mp-9272
3038,mp-9289
3039,mp-929
3040,mp-9295
3041,mp-930
3042,mp-9307
3043,mp-932
3044,mp-9321
3045,mp-933
3046,mp-9339
3047,mp-934
3048,mp-9350
3049,mp-935811
3050,mp-936
3051,mp-938
3052,mp-9381
3053,mp-9382
3054,mp-9383
3055,mp-9391
3056,mp-94
3057,mp-9437
3058,mp-944
3059,mp-945
3060,mp-945184
3061,mp-9459
3062,mp-9472
3063,mp-9473
3064,mp-9486
3065,mp-949
3066,mp-949028
3067,mp-95
3068,mp-950995
3069,mp-9514
3070,mp-9517
3071,mp-952
3072,mp-953
3073,mp-9549
3074,mp-9550
3075,mp-9556
3076,mp-9563
3077,mp-9564
3078,mp-9565
3079,mp-9566
3080,mp-9567
3081,mp-9569
3082,mp-9570
3083,mp-9571
3084,mp-9573
3085,mp-9574
3086,mp-9575
3087,mp-9577
3088,mp-9578
3089,mp-9583
3090,mp-9586
3091,mp-9595
3092,mp-9615
3093,mp-9687
3094,mp-9690
3095,mp-971
3096,mp-9716
3097,mp-971662
3098,mp-971669
3099,mp-971706
3100,mp-972088
3101,mp-972220
3102,mp-972845
3103,mp-972916
3104,mp-972954
3105,mp-973364
3106,mp-973374
3107,mp-973455
3108,mp-9743
3109,mp-9744
3110,mp-974625
3111,mp-975065
3112,mp-975292
3113,mp-975906
3114,mp-976017
3115,mp-976139
3116,mp-976256
3117,mp-976262
3118,mp-976280
3119,mp-976334
3120,mp-9768
3121,mp-977059
3122,mp-977207
3123,mp-977218
3124,mp-977382
3125,mp-977580
3126,mp-9778
3127,mp-978268
3128,mp-978269
3129,mp-978273
3130,mp-978279
3131,mp-978508
3132,mp-978534
3133,mp-979
3134,mp-9801
3135,mp-980200
3136,mp-981
3137,mp-9812
3138,mp-9835
3139,mp-985805
3140,mp-985806
3141,mp-985825
3142,mp-988
3143,mp-989399
3144,mp-989512
3145,mp-9902
3146,mp-9916
3147,mp-9919
3148,mp-9923
3149,mp-9938
3150,mp-9939
3151,mp-9945
3152,mp-9946
3153,mp-9951
3154,mp-995122
3155,mp-9953
3156,mp-9954
3157,mp-9956
3158,mp-9957
3159,mp-9958
3160,mp-9960
3161,mp-9961
3162,mp-9964
3163,mp-9969
3164,mp-996975
3165,mp-996990
3166,mp-9970
3167,mp-997031
3168,mp-997034
3169,mp-997182
3170,mp-9972
3171,mp-9973
3172,mp-998
3173,mp-998147
3174,mp-9985
3175,mp-998552
3176,mp-9987
3177,mp-9988
3178,mp-998866
3179,mp-9989
3180,mp-998981
3181,mp-999027
3182,mp-999068
3183,mp-999079
3184,mp-999096
3185,mp-999133
3186,mp-999142
3187,mp-999198
3188,mp-999473
3189,mp-999540
3190,mp-9999
